account_id,subaccount_id,creation_ts
cSJiLwJ4,oM6OqIGf,2025-06-16 16:33:19.065052976
cSJiLwJ4,8EtWQo4O,2025-06-27 03:39:33.751049955
wemTtq6U,DwZwnMj9,2024-09-02 21:51:26.388660644
KpobhtJ9,uZEoctnI,2024-05-04 01:44:10.356963778
KpobhtJ9,hIJyM9Da,2024-05-30 23:57:59.687695794
ltpDSV2I,mNZSFT_T,2025-06-14 00:01:36.882014928
ltpDSV2I,zVCZUEjA,2025-06-26 10:54:18.817008113
jZhfSibC,k-01_nkg,2024-09-11 19:54:43.318220600
o764qNdb,ZGHStwxJ,2025-01-07 22:40:24.539840852
S2CI-ko1,7Jz5kyhA,2024-07-21 06:30:14.356371318
oehmvdZ6,8SpiYcMf,2024-03-11 22:29:29.061297673
p3L0czpD,nssdUwQR,2024-12-31 17:14:33.310750616
Dg9d1z_0,INafjPnb,2025-03-30 09:55:56.774937776
Dg9d1z_0,74_8jNZ7,2025-05-04 21:38:09.936980590
FCh8kN2B,xpXj8hy_,2025-01-07 15:25:15.902717084
O9UZhTBi,oSA1xZ47,2024-01-05 00:28:30.658141834
QVqfK7Xt,P_AFEJrN,2024-09-07 13:37:56.361555864
QVqfK7Xt,mwu2_1HA,2024-10-18 20:50:39.982447289
skBU8fgo,w8A9QpKg,2024-12-30 22:45:08.680688424
ukV2ACqm,D3D0qPqz,2024-10-29 06:06:16.078400560
ukV2ACqm,mek9kbGQ,2025-01-11 08:10:50.834532443
tkUl0HjH,AlqaSVB3,2024-08-26 10:44:40.806603156
nSD5ixru,Ubjukxgm,2024-05-07 17:32:34.882005930
uFY9JtOX,vYbZG2f4,2024-06-09 07:15:09.366388640
Fd3g3HYO,RW_EwiFt,2024-08-09 21:17:36.356318464
Fd3g3HYO,CmBWmdDG,2024-10-03 00:07:36.411682810
I4w28PPD,ZIyrf_9U,2024-02-19 03:59:13.803374434
s9_kcuUr,F45z2frV,2024-09-30 13:41:26.638636112
5LNMRk03,YcyyzXtP,2024-07-27 00:54:07.728365904
ehEZc7JG,VqiEb1L5,2024-02-17 20:33:52.353785475
4LYZRBtE,lhSF47K9,2025-06-13 04:05:14.095552464
4LYZRBtE,ddWNnKkU,2025-06-25 05:38:54.014645287
4LYZRBtE,USauyevM,2025-06-27 09:02:00.860205783
ZylmA4UR,0m3vTeIp,2024-02-22 15:06:25.805014037
fENP2pyj,FcP91r-4,2024-06-16 01:15:20.170332542
VLX23Ruh,nfPf9yN8,2025-04-12 17:04:24.883487360
P9FqHoH9,mwIwZbJM,2024-12-08 12:15:18.174833336
S8Ad6HYh,XIzJxlMa,2024-08-15 00:44:24.712957208
1qzFdoKP,tSf9qFh4,2024-03-19 21:50:41.895242443
