id,event_id,account_id,amount,currency,status,created_at
1,177,1qzFdoKP,9,CAD,success,2024-03-19 21:51:41.895242443
2,132,4LYZRBtE,9,USD,success,2025-06-13 04:06:14.095552464
3,133,4LYZRBtE,17,USD,success,2025-06-25 05:39:53.014645287
4,134,4LYZRBtE,23,USD,success,2025-06-27 09:02:59.860205783
5,120,5LNMRk03,9,CAD,success,2024-07-27 00:55:07.728365904
6,121,5LNMRk03,9,CAD,success,2024-08-27 00:55:07.728365904
7,122,5LNMRk03,9,CAD,success,2024-09-27 00:55:07.728365904
8,37,Dg9d1z_0,9,CAD,success,2025-03-30 09:56:56.774937776
9,39,Dg9d1z_0,9,CAD,success,2025-04-30 09:56:56.774937776
10,38,Dg9d1z_0,17,CAD,success,2025-05-04 21:39:08.936980590
11,40,Dg9d1z_0,17,CAD,success,2025-05-30 09:56:56.774937776
12,41,FCh8kN2B,9,USD,success,2025-01-07 15:26:15.902717084
13,42,FCh8kN2B,9,USD,success,2025-02-07 15:26:15.902717084
14,96,Fd3g3HYO,9,USD,success,2024-08-09 21:18:36.356318464
15,98,Fd3g3HYO,9,USD,success,2024-09-09 21:18:36.356318464
16,97,Fd3g3HYO,17,USD,success,2024-10-03 00:08:35.411682810
17,100,I4w28PPD,9,USD,success,2024-02-19 04:00:13.803374434
18,101,I4w28PPD,9,USD,success,2024-03-19 04:00:13.803374434
19,102,I4w28PPD,9,USD,success,2024-04-19 04:00:13.803374434
20,103,I4w28PPD,9,USD,success,2024-05-19 04:00:13.803374434
21,104,I4w28PPD,9,USD,success,2024-06-19 04:00:13.803374434
22,105,I4w28PPD,9,USD,success,2024-07-19 04:00:13.803374434
23,106,I4w28PPD,9,USD,success,2024-08-19 04:00:13.803374434
24,107,I4w28PPD,9,USD,success,2024-09-19 04:00:13.803374434
25,108,I4w28PPD,9,USD,success,2024-10-19 04:00:13.803374434
26,109,I4w28PPD,9,USD,success,2024-11-19 04:00:13.803374434
27,110,I4w28PPD,9,USD,success,2024-12-19 04:00:13.803374434
28,111,I4w28PPD,9,USD,success,2025-01-19 04:00:13.803374434
29,112,I4w28PPD,9,USD,success,2025-02-19 04:00:13.803374434
30,113,I4w28PPD,9,USD,success,2025-03-19 04:00:13.803374434
31,114,I4w28PPD,9,USD,success,2025-04-19 04:00:13.803374434
32,115,I4w28PPD,9,USD,success,2025-05-19 04:00:13.803374434
33,116,I4w28PPD,9,USD,success,2025-06-19 04:00:13.803374434
34,5,KpobhtJ9,9,CAD,success,2024-05-04 01:45:10.356963778
35,6,KpobhtJ9,17,CAD,success,2024-05-30 23:58:58.687695794
36,44,O9UZhTBi,9,USD,success,2024-01-05 00:29:30.658141834
37,45,O9UZhTBi,9,USD,success,2024-02-05 00:29:30.658141834
38,168,P9FqHoH9,9,USD,success,2024-12-08 12:16:18.174833336
39,169,P9FqHoH9,9,USD,success,2025-01-08 12:16:18.174833336
40,170,P9FqHoH9,9,USD,success,2025-02-08 12:16:18.174833336
41,171,P9FqHoH9,9,USD,success,2025-03-08 12:16:18.174833336
42,172,P9FqHoH9,9,USD,success,2025-04-08 12:16:18.174833336
43,173,P9FqHoH9,9,USD,success,2025-05-08 12:16:18.174833336
44,174,P9FqHoH9,9,USD,success,2025-06-08 12:16:18.174833336
45,47,QVqfK7Xt,9,USD,success,2024-09-07 13:38:56.361555864
46,49,QVqfK7Xt,9,USD,success,2024-10-07 13:38:56.361555864
47,48,QVqfK7Xt,17,USD,success,2024-10-18 20:51:38.982447289
48,50,QVqfK7Xt,17,USD,success,2024-11-07 13:38:56.361555864
49,51,QVqfK7Xt,17,USD,success,2024-12-07 13:38:56.361555864
50,52,QVqfK7Xt,17,USD,success,2025-01-07 13:38:56.361555864
51,18,S2CI-ko1,9,USD,success,2024-07-21 06:31:14.356371318
52,19,S2CI-ko1,9,USD,success,2024-08-21 06:31:14.356371318
53,20,S2CI-ko1,9,USD,success,2024-09-21 06:31:14.356371318
54,21,S2CI-ko1,9,USD,success,2024-10-21 06:31:14.356371318
55,22,S2CI-ko1,9,USD,success,2024-11-21 06:31:14.356371318
56,23,S2CI-ko1,9,USD,success,2024-12-21 06:31:14.356371318
57,175,S8Ad6HYh,9,CAD,success,2024-08-15 00:45:24.712957208
58,165,VLX23Ruh,9,CAD,success,2025-04-12 17:05:24.883487360
59,166,VLX23Ruh,9,CAD,success,2025-05-12 17:05:24.883487360
60,167,VLX23Ruh,9,CAD,success,2025-06-12 17:05:24.883487360
61,135,ZylmA4UR,9,USD,success,2024-02-22 15:07:25.805014037
62,136,ZylmA4UR,9,USD,success,2024-03-22 15:07:25.805014037
63,137,ZylmA4UR,9,USD,success,2024-04-22 15:07:25.805014037
64,138,ZylmA4UR,9,USD,success,2024-05-22 15:07:25.805014037
65,139,ZylmA4UR,9,USD,success,2024-06-22 15:07:25.805014037
66,140,ZylmA4UR,9,USD,success,2024-07-22 15:07:25.805014037
67,141,ZylmA4UR,9,USD,success,2024-08-22 15:07:25.805014037
68,142,ZylmA4UR,9,USD,success,2024-09-22 15:07:25.805014037
69,143,ZylmA4UR,9,USD,success,2024-10-22 15:07:25.805014037
70,144,ZylmA4UR,9,USD,success,2024-11-22 15:07:25.805014037
71,145,ZylmA4UR,9,USD,success,2024-12-22 15:07:25.805014037
72,146,ZylmA4UR,9,USD,success,2025-01-22 15:07:25.805014037
73,147,ZylmA4UR,9,USD,success,2025-02-22 15:07:25.805014037
74,148,ZylmA4UR,9,USD,success,2025-03-22 15:07:25.805014037
75,149,ZylmA4UR,9,USD,success,2025-04-22 15:07:25.805014037
76,150,ZylmA4UR,9,USD,success,2025-05-22 15:07:25.805014037
77,151,ZylmA4UR,9,USD,success,2025-06-22 15:07:25.805014037
78,1,cSJiLwJ4,9,USD,success,2025-06-16 16:34:19.065052976
79,2,cSJiLwJ4,17,USD,success,2025-06-27 03:40:32.751049955
80,124,ehEZc7JG,9,CAD,success,2024-02-17 20:34:52.353785475
81,125,ehEZc7JG,9,CAD,success,2024-03-17 20:34:52.353785475
82,126,ehEZc7JG,9,CAD,success,2024-04-17 20:34:52.353785475
83,127,ehEZc7JG,9,CAD,success,2024-05-17 20:34:52.353785475
84,128,ehEZc7JG,9,CAD,success,2024-06-17 20:34:52.353785475
85,129,ehEZc7JG,9,CAD,success,2024-07-17 20:34:52.353785475
86,130,ehEZc7JG,9,CAD,success,2024-08-17 20:34:52.353785475
87,152,fENP2pyj,9,USD,success,2024-06-16 01:16:20.170332542
88,153,fENP2pyj,9,USD,success,2024-07-16 01:16:20.170332542
89,154,fENP2pyj,9,USD,success,2024-08-16 01:16:20.170332542
90,155,fENP2pyj,9,USD,success,2024-09-16 01:16:20.170332542
91,156,fENP2pyj,9,USD,success,2024-10-16 01:16:20.170332542
92,157,fENP2pyj,9,USD,success,2024-11-16 01:16:20.170332542
93,158,fENP2pyj,9,USD,success,2024-12-16 01:16:20.170332542
94,159,fENP2pyj,9,USD,success,2025-01-16 01:16:20.170332542
95,160,fENP2pyj,9,USD,success,2025-02-16 01:16:20.170332542
96,161,fENP2pyj,9,USD,success,2025-03-16 01:16:20.170332542
97,162,fENP2pyj,9,USD,success,2025-04-16 01:16:20.170332542
98,163,fENP2pyj,9,USD,success,2025-05-16 01:16:20.170332542
99,164,fENP2pyj,9,USD,success,2025-06-16 01:16:20.170332542
100,10,jZhfSibC,9,USD,success,2024-09-11 19:55:43.318220600
101,8,ltpDSV2I,9,USD,success,2025-06-14 00:02:36.882014928
102,9,ltpDSV2I,17,USD,success,2025-06-26 10:55:17.817008113
103,81,nSD5ixru,9,USD,success,2024-05-07 17:33:34.882005930
104,12,o764qNdb,9,USD,success,2025-01-07 22:41:24.539840852
105,13,o764qNdb,9,USD,success,2025-02-07 22:41:24.539840852
106,14,o764qNdb,9,USD,success,2025-03-07 22:41:24.539840852
107,15,o764qNdb,9,USD,success,2025-04-07 22:41:24.539840852
108,16,o764qNdb,9,USD,success,2025-05-07 22:41:24.539840852
109,25,oehmvdZ6,9,CAD,success,2024-03-11 22:30:29.061297673
110,26,oehmvdZ6,9,CAD,success,2024-04-11 22:30:29.061297673
111,27,oehmvdZ6,9,CAD,success,2024-05-11 22:30:29.061297673
112,28,oehmvdZ6,9,CAD,success,2024-06-11 22:30:29.061297673
113,30,p3L0czpD,9,USD,success,2024-12-31 17:15:33.310750616
114,31,p3L0czpD,9,USD,success,2025-01-31 17:15:33.310750616
115,32,p3L0czpD,9,USD,success,2025-02-28 17:15:33.310750616
116,33,p3L0czpD,9,USD,success,2025-03-28 17:15:33.310750616
117,34,p3L0czpD,9,USD,success,2025-04-28 17:15:33.310750616
118,35,p3L0czpD,9,USD,success,2025-05-28 17:15:33.310750616
119,36,p3L0czpD,9,USD,success,2025-06-28 17:15:33.310750616
120,117,s9_kcuUr,9,USD,success,2024-09-30 13:42:26.638636112
121,118,s9_kcuUr,9,USD,success,2024-10-30 13:42:26.638636112
122,54,skBU8fgo,9,CAD,success,2024-12-30 22:46:08.680688424
123,55,skBU8fgo,9,CAD,success,2025-01-30 22:46:08.680688424
124,56,skBU8fgo,9,CAD,success,2025-02-28 22:46:08.680688424
125,57,skBU8fgo,9,CAD,success,2025-03-28 22:46:08.680688424
126,58,skBU8fgo,9,CAD,success,2025-04-28 22:46:08.680688424
127,59,skBU8fgo,9,CAD,success,2025-05-28 22:46:08.680688424
128,60,skBU8fgo,9,CAD,success,2025-06-28 22:46:08.680688424
129,71,tkUl0HjH,9,USD,success,2024-08-26 10:45:40.806603156
130,72,tkUl0HjH,9,USD,success,2024-09-26 10:45:40.806603156
131,73,tkUl0HjH,9,USD,success,2024-10-26 10:45:40.806603156
132,74,tkUl0HjH,9,USD,success,2024-11-26 10:45:40.806603156
133,75,tkUl0HjH,9,USD,success,2024-12-26 10:45:40.806603156
134,76,tkUl0HjH,9,USD,success,2025-01-26 10:45:40.806603156
135,77,tkUl0HjH,9,USD,success,2025-02-26 10:45:40.806603156
136,78,tkUl0HjH,9,USD,success,2025-03-26 10:45:40.806603156
137,79,tkUl0HjH,9,USD,success,2025-04-26 10:45:40.806603156
138,83,uFY9JtOX,9,USD,success,2024-06-09 07:16:09.366388640
139,84,uFY9JtOX,9,USD,success,2024-07-09 07:16:09.366388640
140,85,uFY9JtOX,9,USD,success,2024-08-09 07:16:09.366388640
141,86,uFY9JtOX,9,USD,success,2024-09-09 07:16:09.366388640
142,87,uFY9JtOX,9,USD,success,2024-10-09 07:16:09.366388640
143,88,uFY9JtOX,9,USD,success,2024-11-09 07:16:09.366388640
144,89,uFY9JtOX,9,USD,success,2024-12-09 07:16:09.366388640
145,90,uFY9JtOX,9,USD,success,2025-01-09 07:16:09.366388640
146,91,uFY9JtOX,9,USD,success,2025-02-09 07:16:09.366388640
147,92,uFY9JtOX,9,USD,success,2025-03-09 07:16:09.366388640
148,93,uFY9JtOX,9,USD,success,2025-04-09 07:16:09.366388640
149,94,uFY9JtOX,9,USD,success,2025-05-09 07:16:09.366388640
150,61,ukV2ACqm,9,USD,success,2024-10-29 06:07:16.078400560
151,63,ukV2ACqm,9,USD,success,2024-11-29 06:07:16.078400560
152,64,ukV2ACqm,9,USD,success,2024-12-29 06:07:16.078400560
153,62,ukV2ACqm,17,USD,success,2025-01-11 08:11:49.834532443
154,65,ukV2ACqm,17,USD,success,2025-01-29 06:07:16.078400560
155,66,ukV2ACqm,17,USD,success,2025-02-28 06:07:16.078400560
156,67,ukV2ACqm,17,USD,success,2025-03-28 06:07:16.078400560
157,68,ukV2ACqm,17,USD,success,2025-04-28 06:07:16.078400560
158,69,ukV2ACqm,17,USD,success,2025-05-28 06:07:16.078400560
159,70,ukV2ACqm,17,USD,success,2025-06-28 06:07:16.078400560
160,3,wemTtq6U,9,USD,success,2024-09-02 21:52:26.388660644
