id,subaccount_id,started_at,ended_at
dYZ9bahF,oM6OqIGf,2025-06-24 22:25:45.065052976,2025-06-24 23:45:45.065052976
zqx2X8mF,DwZwnMj9,2024-10-05 11:10:25.388660644,2024-10-05 12:30:25.388660644
ztjT-bt_,DwZwnMj9,2024-11-17 06:45:33.388660644,2024-11-17 07:03:33.388660644
8Hxq2qUu,DwZwnMj9,2024-12-10 17:46:19.388660644,2024-12-10 17:57:19.388660644
DU6dFDhO,DwZwnMj9,2025-01-14 17:15:18.388660644,2025-01-14 18:23:18.388660644
av1zMhtz,DwZwnMj9,2025-02-28 05:28:06.388660644,2025-02-28 06:53:06.388660644
0elg0gLs,DwZwnMj9,2025-03-07 20:43:36.388660644,2025-03-07 21:40:36.388660644
AxMBRaKI,DwZwnMj9,2025-04-19 04:50:21.388660644,2025-04-19 06:01:21.388660644
4KTKrIju,DwZwnMj9,2025-05-19 10:13:06.388660644,2025-05-19 11:14:06.388660644
r6vTq_QR,DwZwnMj9,2025-06-27 04:00:01.388660644,2025-06-27 05:05:01.388660644
Qagzi2nl,uZEoctnI,2024-05-07 10:06:50.356963778,2024-05-07 10:27:50.356963778
4cyqp-7r,uZEoctnI,2024-05-16 16:53:42.356963778,2024-05-16 17:12:42.356963778
R6t6Ntbu,uZEoctnI,2024-05-21 22:39:11.356963778,2024-05-21 22:54:11.356963778
SczrDALk,uZEoctnI,2024-05-28 16:30:38.356963778,2024-05-28 17:32:38.356963778
Ethw-5d4,uZEoctnI,2024-06-08 06:38:01.356963778,2024-06-08 07:16:01.356963778
l3qN5E1m,uZEoctnI,2024-06-09 17:36:23.356963778,2024-06-09 18:27:23.356963778
xtv9ZXu8,uZEoctnI,2024-06-21 05:29:16.356963778,2024-06-21 06:45:16.356963778
WndadVEM,uZEoctnI,2024-06-28 07:11:48.356963778,2024-06-28 08:20:48.356963778
PXv_NX-N,uZEoctnI,2024-07-02 17:34:28.356963778,2024-07-02 18:36:28.356963778
1EDOUzJ2,uZEoctnI,2024-07-08 21:49:46.356963778,2024-07-08 23:12:46.356963778
qUTH8nQd,uZEoctnI,2024-07-14 02:37:39.356963778,2024-07-14 02:39:39.356963778
l2u0GBnB,uZEoctnI,2024-07-27 15:07:14.356963778,2024-07-27 16:37:14.356963778
wM4atPR9,uZEoctnI,2024-08-03 16:57:17.356963778,2024-08-03 18:15:17.356963778
aXSxSaKM,uZEoctnI,2024-08-05 18:13:09.356963778,2024-08-05 18:39:09.356963778
2P4k1v2I,uZEoctnI,2024-08-11 07:05:49.356963778,2024-08-11 07:19:49.356963778
LdpjZmbA,uZEoctnI,2024-08-18 22:21:33.356963778,2024-08-18 23:03:33.356963778
IcGJpli7,uZEoctnI,2024-08-25 13:06:00.356963778,2024-08-25 15:07:00.356963778
NRSJugF9,uZEoctnI,2024-09-06 21:21:46.356963778,2024-09-06 21:40:46.356963778
FDxlQnXi,uZEoctnI,2024-09-14 07:34:38.356963778,2024-09-14 08:59:38.356963778
HPeH_JuT,uZEoctnI,2024-09-16 03:29:16.356963778,2024-09-16 06:27:16.356963778
2cqhfGAT,uZEoctnI,2024-09-27 07:11:18.356963778,2024-09-27 07:34:18.356963778
StezAmYj,uZEoctnI,2024-09-30 07:51:11.356963778,2024-09-30 12:09:11.356963778
L75ctjCh,uZEoctnI,2024-10-08 15:25:38.356963778,2024-10-08 15:28:38.356963778
xfxWCvhG,uZEoctnI,2024-10-17 06:25:56.356963778,2024-10-17 06:27:56.356963778
Em2vsk8D,uZEoctnI,2024-10-25 02:41:01.356963778,2024-10-25 04:32:01.356963778
VlRximqX,uZEoctnI,2024-11-02 04:39:45.356963778,2024-11-02 05:17:45.356963778
2GbacXD6,uZEoctnI,2024-11-03 09:15:35.356963778,2024-11-03 09:51:35.356963778
4U8BGngv,uZEoctnI,2024-11-11 10:44:13.356963778,2024-11-11 12:41:13.356963778
xxT5zw7v,uZEoctnI,2024-11-19 00:51:41.356963778,2024-11-19 03:19:41.356963778
el7gnqaD,uZEoctnI,2024-11-26 05:52:13.356963778,2024-11-26 06:41:13.356963778
B3YNxjIQ,uZEoctnI,2024-12-08 01:24:17.356963778,2024-12-08 03:30:17.356963778
Bt38qZ1H,uZEoctnI,2024-12-13 12:20:24.356963778,2024-12-13 13:20:24.356963778
7QOnUVZS,uZEoctnI,2024-12-17 07:33:58.356963778,2024-12-17 08:03:58.356963778
xwA9Viog,uZEoctnI,2024-12-28 21:00:10.356963778,2024-12-28 21:14:10.356963778
Hx2rS_Wf,uZEoctnI,2025-01-01 13:37:10.356963778,2025-01-01 14:59:10.356963778
0Y7mSSon,uZEoctnI,2025-01-08 13:51:38.356963778,2025-01-08 15:59:38.356963778
M9SIiq4X,uZEoctnI,2025-01-15 02:35:51.356963778,2025-01-15 05:15:51.356963778
EuVjR8hr,uZEoctnI,2025-01-20 01:54:39.356963778,2025-01-20 02:12:39.356963778
gQcElucw,uZEoctnI,2025-02-01 14:42:38.356963778,2025-02-01 15:43:38.356963778
A_8uFPDL,uZEoctnI,2025-02-02 04:04:38.356963778,2025-02-02 04:34:38.356963778
Y1EucEpO,uZEoctnI,2025-02-10 07:00:53.356963778,2025-02-10 08:42:53.356963778
xPDmTeEY,uZEoctnI,2025-02-17 16:19:05.356963778,2025-02-17 16:32:05.356963778
usU5OP9K,uZEoctnI,2025-02-25 00:39:29.356963778,2025-02-25 00:42:29.356963778
s4A3hEGV,uZEoctnI,2025-03-02 23:52:56.356963778,2025-03-03 00:13:56.356963778
X7YtxOeO,uZEoctnI,2025-03-09 04:45:13.356963778,2025-03-09 04:49:13.356963778
LqewIT3r,uZEoctnI,2025-03-20 19:34:57.356963778,2025-03-20 20:02:57.356963778
7I_ALcaC,uZEoctnI,2025-03-29 20:34:48.356963778,2025-03-29 21:03:48.356963778
jLojfp4E,uZEoctnI,2025-03-30 22:12:14.356963778,2025-03-30 22:18:14.356963778
UwD60Xha,uZEoctnI,2025-04-08 03:33:14.356963778,2025-04-08 06:38:14.356963778
Gk15ktMr,uZEoctnI,2025-04-16 14:47:58.356963778,2025-04-16 15:05:58.356963778
NBDe68hv,uZEoctnI,2025-04-26 13:33:23.356963778,2025-04-26 14:44:23.356963778
2ic9lXzw,uZEoctnI,2025-05-01 22:22:19.356963778,2025-05-01 22:34:19.356963778
dr1tmnwZ,uZEoctnI,2025-05-09 10:27:20.356963778,2025-05-09 10:57:20.356963778
zGMGbqlC,uZEoctnI,2025-05-15 03:21:49.356963778,2025-05-15 03:26:49.356963778
X0SyEDQp,uZEoctnI,2025-05-20 23:47:53.356963778,2025-05-20 23:54:53.356963778
CmGM6wFY,uZEoctnI,2025-05-26 11:17:54.356963778,2025-05-26 11:18:54.356963778
06MmSbBi,uZEoctnI,2025-06-07 02:56:27.356963778,2025-06-07 04:32:27.356963778
BgywALiJ,uZEoctnI,2025-06-13 16:49:44.356963778,2025-06-13 17:10:44.356963778
Z28epw_P,uZEoctnI,2025-06-15 05:57:11.356963778,2025-06-15 06:38:11.356963778
XHBRaGHU,uZEoctnI,2025-06-27 01:55:28.356963778,2025-06-27 02:47:28.356963778
_djTonHm,uZEoctnI,2025-06-29 15:54:47.356963778,2025-06-29 16:04:47.356963778
DgvR1yHD,hIJyM9Da,2024-06-08 04:06:56.687695794,2024-06-08 04:48:56.687695794
2VNDSo_U,hIJyM9Da,2024-06-15 13:07:54.687695794,2024-06-15 14:01:54.687695794
LnOsXbqf,hIJyM9Da,2024-06-22 22:57:23.687695794,2024-06-22 23:10:23.687695794
hoOaLN-A,hIJyM9Da,2024-06-27 18:06:02.687695794,2024-06-27 18:31:02.687695794
INvAco7d,hIJyM9Da,2024-07-01 07:16:12.687695794,2024-07-01 07:41:12.687695794
EgXpJMjR,hIJyM9Da,2024-07-11 10:48:15.687695794,2024-07-11 10:54:15.687695794
9i26JTa6,hIJyM9Da,2024-07-16 06:27:29.687695794,2024-07-16 06:44:29.687695794
hFCpwa72,hIJyM9Da,2024-07-28 05:20:16.687695794,2024-07-28 06:21:16.687695794
L0HzXD35,hIJyM9Da,2024-07-30 15:44:22.687695794,2024-07-30 16:55:22.687695794
QcC8GpFd,hIJyM9Da,2024-08-06 14:16:55.687695794,2024-08-06 14:50:55.687695794
4xnuW2pN,hIJyM9Da,2024-08-13 17:51:48.687695794,2024-08-13 18:26:48.687695794
Rv01pJT9,hIJyM9Da,2024-08-23 11:55:03.687695794,2024-08-23 12:18:03.687695794
O0sP_2fI,hIJyM9Da,2024-08-29 23:56:00.687695794,2024-08-30 01:05:00.687695794
KwTsstEj,hIJyM9Da,2024-09-08 15:22:17.687695794,2024-09-08 15:46:17.687695794
lrDG0Uip,hIJyM9Da,2024-09-11 21:53:54.687695794,2024-09-11 22:50:54.687695794
NQK6Ulyz,hIJyM9Da,2024-09-17 23:23:20.687695794,2024-09-18 00:01:20.687695794
-oQZD-vs,hIJyM9Da,2024-09-23 08:14:27.687695794,2024-09-23 08:50:27.687695794
9I2wMYPl,hIJyM9Da,2024-09-30 01:09:18.687695794,2024-09-30 04:01:18.687695794
D_pMR9Wj,hIJyM9Da,2024-10-09 14:44:00.687695794,2024-10-09 16:52:00.687695794
H1STcz3i,hIJyM9Da,2024-10-20 11:30:13.687695794,2024-10-20 12:27:13.687695794
Yunq_UlB,hIJyM9Da,2024-10-24 15:57:24.687695794,2024-10-24 17:08:24.687695794
oLHQBk5K,hIJyM9Da,2024-11-03 06:04:56.687695794,2024-11-03 06:12:56.687695794
sWV0r3G1,hIJyM9Da,2024-11-04 17:02:50.687695794,2024-11-04 17:29:50.687695794
zNcHZFMT,hIJyM9Da,2024-11-11 15:38:39.687695794,2024-11-11 16:56:39.687695794
hOxAZ8OR,hIJyM9Da,2024-11-23 19:59:14.687695794,2024-11-23 21:00:14.687695794
wA8B6nGY,hIJyM9Da,2024-11-25 17:53:56.687695794,2024-11-25 18:07:56.687695794
3Yaqpfoy,hIJyM9Da,2024-12-02 08:41:45.687695794,2024-12-02 11:47:45.687695794
FgJ2I7wz,hIJyM9Da,2024-12-11 19:51:14.687695794,2024-12-11 19:53:14.687695794
MSaEHiDa,hIJyM9Da,2024-12-22 11:20:23.687695794,2024-12-22 12:26:23.687695794
5SonSOlv,hIJyM9Da,2024-12-27 19:46:58.687695794,2024-12-27 19:51:58.687695794
Wfp6C2Cz,hIJyM9Da,2024-12-30 16:37:02.687695794,2024-12-30 19:04:02.687695794
ral28JEl,hIJyM9Da,2025-01-11 20:36:15.687695794,2025-01-11 20:41:15.687695794
4WehfAa9,hIJyM9Da,2025-01-18 21:41:13.687695794,2025-01-18 23:14:13.687695794
qeM4dd_y,hIJyM9Da,2025-01-25 14:29:00.687695794,2025-01-25 14:39:00.687695794
qasXzLFV,hIJyM9Da,2025-02-02 07:36:43.687695794,2025-02-02 12:08:43.687695794
LrucLT15,hIJyM9Da,2025-02-04 16:15:57.687695794,2025-02-04 16:49:57.687695794
_qeIVa3b,hIJyM9Da,2025-02-16 20:32:03.687695794,2025-02-16 21:42:03.687695794
h5OdbvFn,hIJyM9Da,2025-02-19 05:50:36.687695794,2025-02-19 06:48:36.687695794
z1cpMwHv,hIJyM9Da,2025-03-01 14:42:24.687695794,2025-03-01 15:22:24.687695794
b67EpGpj,hIJyM9Da,2025-03-07 01:17:58.687695794,2025-03-07 02:43:58.687695794
rrnD3csu,hIJyM9Da,2025-03-15 10:55:07.687695794,2025-03-15 11:39:07.687695794
QULZiw0Y,hIJyM9Da,2025-03-21 09:26:24.687695794,2025-03-21 12:10:24.687695794
52bYtWVd,hIJyM9Da,2025-03-28 11:54:12.687695794,2025-03-28 11:57:12.687695794
NMGsNdG2,hIJyM9Da,2025-04-04 07:30:07.687695794,2025-04-04 12:51:07.687695794
HI-ePp17,hIJyM9Da,2025-04-12 10:50:15.687695794,2025-04-12 11:39:15.687695794
vnUNXxkv,hIJyM9Da,2025-04-19 04:07:32.687695794,2025-04-19 04:24:32.687695794
PeGC6oNg,hIJyM9Da,2025-04-21 22:34:16.687695794,2025-04-21 23:09:16.687695794
KZwzezer,hIJyM9Da,2025-05-03 18:44:36.687695794,2025-05-03 19:58:36.687695794
BJk_p2jf,hIJyM9Da,2025-05-08 18:01:32.687695794,2025-05-08 19:00:32.687695794
Y00HTnjq,hIJyM9Da,2025-05-14 06:14:39.687695794,2025-05-14 08:19:39.687695794
5bUMXX-S,hIJyM9Da,2025-05-22 14:21:20.687695794,2025-05-22 16:37:20.687695794
UjkqV_MS,hIJyM9Da,2025-06-01 18:25:10.687695794,2025-06-01 19:21:10.687695794
fJhzCBqK,hIJyM9Da,2025-06-08 00:02:18.687695794,2025-06-08 01:36:18.687695794
j-RP9Meb,hIJyM9Da,2025-06-14 20:01:39.687695794,2025-06-14 20:41:39.687695794
y_sLCCa9,hIJyM9Da,2025-06-19 05:43:00.687695794,2025-06-19 05:49:00.687695794
mrHUtcar,hIJyM9Da,2025-06-28 11:42:05.687695794,2025-06-28 12:14:05.687695794
uJuVOJQD,k-01_nkg,2024-09-18 18:14:17.318220600,2024-09-18 18:33:17.318220600
X6rv-P5X,k-01_nkg,2024-09-24 06:54:01.318220600,2024-09-24 07:58:01.318220600
vFrMOOas,k-01_nkg,2024-10-04 12:40:43.318220600,2024-10-04 16:09:43.318220600
DqlDpxA_,k-01_nkg,2024-10-11 22:38:30.318220600,2024-10-11 22:49:30.318220600
zyKmxNwX,k-01_nkg,2024-10-16 03:57:47.318220600,2024-10-16 05:08:47.318220600
8jXKyf4Q,k-01_nkg,2024-10-25 23:56:05.318220600,2024-10-26 02:33:05.318220600
V-NqFA9G,k-01_nkg,2024-11-03 02:50:15.318220600,2024-11-03 02:51:15.318220600
1EBPApaQ,k-01_nkg,2024-11-09 13:11:13.318220600,2024-11-09 13:43:13.318220600
z8oI1Fhx,k-01_nkg,2024-11-16 04:01:02.318220600,2024-11-16 05:21:02.318220600
WgDK4Ezc,k-01_nkg,2024-11-22 06:30:27.318220600,2024-11-22 08:46:27.318220600
uT1W8W9y,k-01_nkg,2024-11-26 17:21:42.318220600,2024-11-26 20:10:42.318220600
F3GDC9Qw,k-01_nkg,2024-12-07 09:30:33.318220600,2024-12-07 09:50:33.318220600
ucn9uQnF,k-01_nkg,2024-12-11 09:05:46.318220600,2024-12-11 09:09:46.318220600
veOxLmp5,k-01_nkg,2024-12-19 13:19:15.318220600,2024-12-19 13:39:15.318220600
TrpcutS3,k-01_nkg,2024-12-25 00:44:16.318220600,2024-12-25 01:32:16.318220600
bdtFtR99,k-01_nkg,2025-01-01 00:29:55.318220600,2025-01-01 00:44:55.318220600
sS2YrUnL,k-01_nkg,2025-01-06 22:23:26.318220600,2025-01-06 22:48:26.318220600
dfMZQvP8,k-01_nkg,2025-01-19 13:24:35.318220600,2025-01-19 14:49:35.318220600
9YN52QxI,k-01_nkg,2025-01-20 20:44:22.318220600,2025-01-20 20:45:22.318220600
3sM30Jeb,k-01_nkg,2025-01-27 10:24:12.318220600,2025-01-27 12:10:12.318220600
tkimJuwH,k-01_nkg,2025-02-09 09:10:52.318220600,2025-02-09 09:11:52.318220600
89zkJghq,k-01_nkg,2025-02-13 17:09:14.318220600,2025-02-13 18:06:14.318220600
ZjHk2pWJ,k-01_nkg,2025-02-19 21:28:47.318220600,2025-02-19 21:31:47.318220600
ocG4GZfY,k-01_nkg,2025-02-28 23:48:37.318220600,2025-03-01 00:07:37.318220600
YgvCxsC-,k-01_nkg,2025-03-05 12:18:34.318220600,2025-03-05 12:53:34.318220600
y8ALhRIP,k-01_nkg,2025-03-10 17:24:09.318220600,2025-03-10 19:34:09.318220600
GVU_5dcO,k-01_nkg,2025-03-21 22:29:56.318220600,2025-03-21 22:41:56.318220600
xPPArzFl,k-01_nkg,2025-03-25 01:28:47.318220600,2025-03-25 05:21:47.318220600
11HuexOT,k-01_nkg,2025-04-03 16:48:53.318220600,2025-04-03 18:58:53.318220600
H0lLattW,k-01_nkg,2025-04-13 11:21:18.318220600,2025-04-13 11:25:18.318220600
QrzykEYN,k-01_nkg,2025-04-20 09:11:00.318220600,2025-04-20 09:12:00.318220600
zcZ8OMiu,k-01_nkg,2025-04-23 08:31:24.318220600,2025-04-23 08:41:24.318220600
nL4cLevx,k-01_nkg,2025-05-03 07:00:09.318220600,2025-05-03 07:58:09.318220600
XM_umvQg,k-01_nkg,2025-05-09 02:50:29.318220600,2025-05-09 09:00:29.318220600
NuzwQMT0,k-01_nkg,2025-05-15 04:26:45.318220600,2025-05-15 04:47:45.318220600
1y04a83o,k-01_nkg,2025-05-19 19:25:11.318220600,2025-05-19 20:48:11.318220600
ilY_VDck,k-01_nkg,2025-05-28 11:08:25.318220600,2025-05-28 11:13:25.318220600
5N9qzgel,k-01_nkg,2025-06-06 09:26:03.318220600,2025-06-06 10:59:03.318220600
9h8F1gSq,k-01_nkg,2025-06-15 17:39:57.318220600,2025-06-15 19:38:57.318220600
DW4jN0xM,k-01_nkg,2025-06-15 20:44:00.318220600,2025-06-15 22:57:00.318220600
NOYHbIAs,k-01_nkg,2025-06-27 20:29:44.318220600,2025-06-27 22:44:44.318220600
i9cDPmOm,ZGHStwxJ,2025-01-19 14:28:26.539840852,2025-01-19 15:39:26.539840852
s0Vd5UwR,ZGHStwxJ,2025-01-23 01:41:37.539840852,2025-01-23 02:09:37.539840852
brOxVcBr,ZGHStwxJ,2025-01-27 05:25:07.539840852,2025-01-27 05:30:07.539840852
wDsxenrB,ZGHStwxJ,2025-02-06 03:18:50.539840852,2025-02-06 04:40:50.539840852
VSRQDcH5,ZGHStwxJ,2025-02-11 08:34:21.539840852,2025-02-11 08:41:21.539840852
jpQo3FMv,ZGHStwxJ,2025-02-17 17:46:47.539840852,2025-02-17 22:02:47.539840852
NSyqurSc,ZGHStwxJ,2025-02-24 19:39:37.539840852,2025-02-24 20:18:37.539840852
ygh3lY8M,ZGHStwxJ,2025-03-07 19:49:55.539840852,2025-03-07 20:10:55.539840852
b9vDRQuH,ZGHStwxJ,2025-03-13 11:26:04.539840852,2025-03-13 11:37:04.539840852
6pVWJ2uH,ZGHStwxJ,2025-03-20 17:21:58.539840852,2025-03-20 18:04:58.539840852
PD5ZS_kM,ZGHStwxJ,2025-03-29 03:51:53.539840852,2025-03-29 05:14:53.539840852
gYcxebzD,ZGHStwxJ,2025-04-03 18:46:56.539840852,2025-04-03 20:32:56.539840852
IdZGchcG,ZGHStwxJ,2025-04-11 08:30:55.539840852,2025-04-11 09:22:55.539840852
1cDfDu-b,ZGHStwxJ,2025-04-14 13:07:31.539840852,2025-04-14 16:30:31.539840852
pW_3Rg48,ZGHStwxJ,2025-04-26 21:39:48.539840852,2025-04-26 23:12:48.539840852
MRHWPB4W,ZGHStwxJ,2025-05-01 02:04:06.539840852,2025-05-01 02:14:06.539840852
qfyvcrW6,ZGHStwxJ,2025-05-06 00:44:56.539840852,2025-05-06 03:58:56.539840852
63pdSvST,ZGHStwxJ,2025-05-17 15:18:45.539840852,2025-05-17 15:42:45.539840852
tTgqbySX,ZGHStwxJ,2025-05-24 02:05:22.539840852,2025-05-24 05:28:22.539840852
pw112v5m,ZGHStwxJ,2025-05-26 07:34:54.539840852,2025-05-26 07:52:54.539840852
oKcrUuKW,ZGHStwxJ,2025-06-03 07:06:15.539840852,2025-06-03 07:37:15.539840852
tFIkZUQt,ZGHStwxJ,2025-06-09 01:19:09.539840852,2025-06-09 02:27:09.539840852
tTqRjtHL,ZGHStwxJ,2025-06-17 20:09:38.539840852,2025-06-17 20:13:38.539840852
qIDQEor9,ZGHStwxJ,2025-06-23 15:28:12.539840852,2025-06-23 18:06:12.539840852
S6AreS3S,7Jz5kyhA,2024-07-28 17:53:02.356371318,2024-07-28 21:56:02.356371318
i_nI8QLs,7Jz5kyhA,2024-08-03 09:21:54.356371318,2024-08-03 10:02:54.356371318
Y7uHq53Z,7Jz5kyhA,2024-08-11 09:43:19.356371318,2024-08-11 10:07:19.356371318
ijj_dJuC,7Jz5kyhA,2024-08-18 13:10:39.356371318,2024-08-18 15:26:39.356371318
mz5c-G_w,7Jz5kyhA,2024-08-24 13:49:00.356371318,2024-08-24 14:21:00.356371318
5iPFo7m9,7Jz5kyhA,2024-09-01 16:46:24.356371318,2024-09-01 17:44:24.356371318
2UnuFSRv,7Jz5kyhA,2024-09-08 21:10:03.356371318,2024-09-08 23:14:03.356371318
LZfriGov,7Jz5kyhA,2024-09-14 21:44:05.356371318,2024-09-14 22:09:05.356371318
zYyA7NXn,7Jz5kyhA,2024-09-22 16:23:14.356371318,2024-09-22 18:18:14.356371318
jaCX0L4A,7Jz5kyhA,2024-09-28 16:18:52.356371318,2024-09-28 17:26:52.356371318
PvTPK1ua,7Jz5kyhA,2024-10-06 11:43:37.356371318,2024-10-06 12:44:37.356371318
iLno36Xg,7Jz5kyhA,2024-10-13 20:37:23.356371318,2024-10-13 22:22:23.356371318
qlT4k9rJ,7Jz5kyhA,2024-10-20 14:06:46.356371318,2024-10-20 14:07:46.356371318
lx6k5U7K,7Jz5kyhA,2024-10-27 07:22:09.356371318,2024-10-27 07:44:09.356371318
o7WHYqKX,7Jz5kyhA,2024-11-02 16:32:43.356371318,2024-11-02 16:45:43.356371318
bbNdPD9Q,7Jz5kyhA,2024-11-09 17:52:59.356371318,2024-11-09 18:11:59.356371318
6ZcDP3x3,7Jz5kyhA,2024-11-16 11:55:05.356371318,2024-11-16 12:20:05.356371318
ZMmaHClo,7Jz5kyhA,2024-11-23 20:14:34.356371318,2024-11-23 20:29:34.356371318
xrV6Rnlr,7Jz5kyhA,2024-11-30 20:04:56.356371318,2024-11-30 20:39:56.356371318
kOUf6Hra,7Jz5kyhA,2024-12-08 23:21:06.356371318,2024-12-08 23:42:06.356371318
AjS4IRFi,7Jz5kyhA,2024-12-15 22:03:16.356371318,2024-12-15 22:36:16.356371318
ckhWjIV9,7Jz5kyhA,2024-12-22 22:09:44.356371318,2024-12-22 22:48:44.356371318
h8VFHF6c,7Jz5kyhA,2024-12-29 14:05:34.356371318,2024-12-29 14:21:34.356371318
f1NXZ4fG,7Jz5kyhA,2025-01-05 01:24:08.356371318,2025-01-05 02:22:08.356371318
31B-V1VX,7Jz5kyhA,2025-01-11 19:41:00.356371318,2025-01-11 20:51:00.356371318
GOfAL3ck,7Jz5kyhA,2025-01-18 16:51:28.356371318,2025-01-18 18:24:28.356371318
f3f9Q0f9,7Jz5kyhA,2025-01-26 21:31:41.356371318,2025-01-26 21:44:41.356371318
e1mr2VEz,7Jz5kyhA,2025-02-02 15:09:34.356371318,2025-02-02 16:08:34.356371318
uPiFotIZ,7Jz5kyhA,2025-02-09 18:48:34.356371318,2025-02-09 20:10:34.356371318
atFvbMxp,7Jz5kyhA,2025-02-17 00:11:05.356371318,2025-02-17 00:13:05.356371318
TKA6OXpq,7Jz5kyhA,2025-02-24 03:46:39.356371318,2025-02-24 04:20:39.356371318
wRD2EOLx,7Jz5kyhA,2025-03-02 04:36:33.356371318,2025-03-02 05:33:33.356371318
2IqPHeGh,7Jz5kyhA,2025-03-09 18:35:27.356371318,2025-03-09 18:52:27.356371318
depb1Xg_,7Jz5kyhA,2025-03-16 18:59:25.356371318,2025-03-16 20:49:25.356371318
_VEf01wu,7Jz5kyhA,2025-03-23 01:42:02.356371318,2025-03-23 02:59:02.356371318
j38uRts6,7Jz5kyhA,2025-03-29 14:03:02.356371318,2025-03-29 14:14:02.356371318
-8m5grRJ,7Jz5kyhA,2025-04-07 02:36:03.356371318,2025-04-07 03:11:03.356371318
o-EjHUbw,7Jz5kyhA,2025-04-12 18:21:47.356371318,2025-04-12 21:42:47.356371318
uEu0Y3_p,7Jz5kyhA,2025-04-19 09:17:04.356371318,2025-04-19 10:04:04.356371318
9INYNZKl,7Jz5kyhA,2025-04-26 08:13:59.356371318,2025-04-26 09:38:59.356371318
NKCQ-yEh,7Jz5kyhA,2025-05-05 02:42:42.356371318,2025-05-05 05:10:42.356371318
oMI7YlB6,7Jz5kyhA,2025-05-11 07:50:15.356371318,2025-05-11 08:25:15.356371318
4YdTntbK,7Jz5kyhA,2025-05-17 13:14:18.356371318,2025-05-17 13:19:18.356371318
vEamFi-a,7Jz5kyhA,2025-05-25 14:31:22.356371318,2025-05-25 14:45:22.356371318
QSUTf6nl,7Jz5kyhA,2025-05-31 10:39:20.356371318,2025-05-31 11:18:20.356371318
b7tFXLdQ,7Jz5kyhA,2025-06-08 14:02:14.356371318,2025-06-08 14:37:14.356371318
RR8iMRsR,7Jz5kyhA,2025-06-15 00:19:42.356371318,2025-06-15 01:07:42.356371318
NGh2CfRa,7Jz5kyhA,2025-06-22 06:51:22.356371318,2025-06-22 08:10:22.356371318
2khiZ5mB,7Jz5kyhA,2025-06-29 02:21:21.356371318,2025-06-29 03:52:21.356371318
rGQIowbV,8SpiYcMf,2024-03-20 12:37:45.061297673,2024-03-20 13:19:45.061297673
mguR3FSm,8SpiYcMf,2024-03-28 11:17:46.061297673,2024-03-28 12:08:46.061297673
WuL18Le9,8SpiYcMf,2024-04-03 22:52:36.061297673,2024-04-04 00:42:36.061297673
WSjYxVn7,8SpiYcMf,2024-04-14 07:17:46.061297673,2024-04-14 07:46:46.061297673
d4sBubxO,8SpiYcMf,2024-04-17 01:43:41.061297673,2024-04-17 05:55:41.061297673
2g4Ws9IG,8SpiYcMf,2024-04-26 01:07:41.061297673,2024-04-26 01:54:41.061297673
QxDgPJMF,8SpiYcMf,2024-04-29 18:40:45.061297673,2024-04-29 20:07:45.061297673
9DWZ7oVy,8SpiYcMf,2024-05-11 21:20:14.061297673,2024-05-11 22:13:14.061297673
B5e0hYOu,8SpiYcMf,2024-05-15 15:02:24.061297673,2024-05-15 15:46:24.061297673
FU15wA1w,8SpiYcMf,2024-05-22 07:42:38.061297673,2024-05-22 08:16:38.061297673
8NO1sTwn,8SpiYcMf,2024-05-31 00:25:17.061297673,2024-05-31 00:26:17.061297673
qJ9tzaQl,8SpiYcMf,2024-06-06 10:17:33.061297673,2024-06-06 14:12:33.061297673
2bG9LYG7,8SpiYcMf,2024-06-15 20:57:05.061297673,2024-06-15 21:59:05.061297673
XU23_7ve,8SpiYcMf,2024-06-20 15:46:06.061297673,2024-06-20 18:31:06.061297673
K1PzPlyk,8SpiYcMf,2024-06-27 13:20:47.061297673,2024-06-27 17:22:47.061297673
hcypl20_,8SpiYcMf,2024-07-01 16:07:40.061297673,2024-07-01 17:39:40.061297673
fFUZ1RM1,8SpiYcMf,2024-07-08 02:10:37.061297673,2024-07-08 02:38:37.061297673
Y1Dbuifb,8SpiYcMf,2024-07-17 17:26:53.061297673,2024-07-17 18:04:53.061297673
-AGbe2G1,8SpiYcMf,2024-07-28 22:11:24.061297673,2024-07-28 22:16:24.061297673
enW7Yyrj,8SpiYcMf,2024-08-04 08:36:14.061297673,2024-08-04 10:58:14.061297673
y0PZNhEa,8SpiYcMf,2024-08-09 08:09:35.061297673,2024-08-09 09:19:35.061297673
THGD1rk2,8SpiYcMf,2024-08-16 08:28:16.061297673,2024-08-16 11:12:16.061297673
TSKjzU49,8SpiYcMf,2024-08-21 16:15:50.061297673,2024-08-21 18:40:50.061297673
iZZt5Vl_,8SpiYcMf,2024-08-27 04:18:44.061297673,2024-08-27 04:20:44.061297673
Ah0YNgel,8SpiYcMf,2024-09-01 23:55:38.061297673,2024-09-02 01:40:38.061297673
yjFTv4OD,8SpiYcMf,2024-09-11 07:25:08.061297673,2024-09-11 07:33:08.061297673
SpOJE_zp,8SpiYcMf,2024-09-18 03:39:28.061297673,2024-09-18 03:43:28.061297673
CdcK3YlR,8SpiYcMf,2024-09-24 06:40:50.061297673,2024-09-24 07:48:50.061297673
GUOhSxTC,8SpiYcMf,2024-10-01 18:01:53.061297673,2024-10-01 18:37:53.061297673
Abn0QjdI,8SpiYcMf,2024-10-07 02:39:42.061297673,2024-10-07 04:13:42.061297673
vapLJ2X4,8SpiYcMf,2024-10-18 04:37:43.061297673,2024-10-18 07:53:43.061297673
fwnViWvP,8SpiYcMf,2024-10-27 10:18:17.061297673,2024-10-27 10:51:17.061297673
JUrsM1gB,8SpiYcMf,2024-11-01 18:32:44.061297673,2024-11-01 19:27:44.061297673
3eOFnOv6,8SpiYcMf,2024-11-07 01:47:24.061297673,2024-11-07 01:48:24.061297673
70qOT3EK,8SpiYcMf,2024-11-13 21:05:47.061297673,2024-11-13 21:18:47.061297673
kEQ2f-PG,8SpiYcMf,2024-11-20 02:09:26.061297673,2024-11-20 03:16:26.061297673
RJze6jcK,8SpiYcMf,2024-11-25 22:24:56.061297673,2024-11-25 22:25:56.061297673
6T2OHKdd,8SpiYcMf,2024-12-06 03:02:08.061297673,2024-12-06 04:04:08.061297673
5uihGP5C,8SpiYcMf,2024-12-12 21:40:02.061297673,2024-12-12 22:39:02.061297673
CIIsSYbr,8SpiYcMf,2024-12-15 23:43:12.061297673,2024-12-15 23:48:12.061297673
Sg_Y8Jhc,8SpiYcMf,2024-12-25 20:17:56.061297673,2024-12-25 22:53:56.061297673
wEjRjbP2,8SpiYcMf,2024-12-31 21:11:56.061297673,2024-12-31 22:38:56.061297673
LAs4vt2r,8SpiYcMf,2025-01-07 03:05:55.061297673,2025-01-07 05:28:55.061297673
oO5uX498,8SpiYcMf,2025-01-17 20:36:03.061297673,2025-01-17 20:45:03.061297673
4ubuSuA3,8SpiYcMf,2025-01-23 14:49:48.061297673,2025-01-23 16:13:48.061297673
golvmR4h,8SpiYcMf,2025-01-31 08:57:52.061297673,2025-01-31 09:22:52.061297673
7NOvOy7Y,8SpiYcMf,2025-02-07 22:21:22.061297673,2025-02-08 01:23:22.061297673
ZhsxTmQH,8SpiYcMf,2025-02-16 19:26:05.061297673,2025-02-16 20:05:05.061297673
ypabW46i,8SpiYcMf,2025-02-22 13:21:19.061297673,2025-02-22 14:18:19.061297673
a7jr2tnK,8SpiYcMf,2025-02-28 06:42:41.061297673,2025-02-28 07:01:41.061297673
KPFXDGgY,8SpiYcMf,2025-03-09 02:10:01.061297673,2025-03-09 02:48:01.061297673
F3faSPIi,8SpiYcMf,2025-03-13 06:42:44.061297673,2025-03-13 08:05:44.061297673
BZNeOd4D,8SpiYcMf,2025-03-23 19:55:55.061297673,2025-03-23 20:58:55.061297673
WPUZqqDj,8SpiYcMf,2025-03-29 06:24:43.061297673,2025-03-29 06:25:43.061297673
NjYXvc4R,8SpiYcMf,2025-04-04 11:50:23.061297673,2025-04-04 11:52:23.061297673
9-TAfmVA,8SpiYcMf,2025-04-13 06:15:01.061297673,2025-04-13 06:51:01.061297673
FR1tB-bm,8SpiYcMf,2025-04-17 13:01:28.061297673,2025-04-17 14:31:28.061297673
TNFv-CdD,8SpiYcMf,2025-04-25 23:34:05.061297673,2025-04-26 00:30:05.061297673
yLHDqAAc,8SpiYcMf,2025-04-29 22:19:34.061297673,2025-04-29 22:31:34.061297673
FxjtGLIa,8SpiYcMf,2025-05-11 16:18:39.061297673,2025-05-11 17:55:39.061297673
OD6gwGoY,8SpiYcMf,2025-05-16 07:13:01.061297673,2025-05-16 10:35:01.061297673
vxCA3k8Z,8SpiYcMf,2025-05-24 09:52:05.061297673,2025-05-24 10:16:05.061297673
GyXOHSGQ,8SpiYcMf,2025-05-29 03:53:43.061297673,2025-05-29 04:32:43.061297673
HjoknjLx,8SpiYcMf,2025-06-08 00:06:50.061297673,2025-06-08 00:41:50.061297673
S0k4PzMT,8SpiYcMf,2025-06-09 10:57:11.061297673,2025-06-09 11:17:11.061297673
EKF9H68s,8SpiYcMf,2025-06-16 17:39:39.061297673,2025-06-16 18:04:39.061297673
fUe1msXC,8SpiYcMf,2025-06-26 11:41:13.061297673,2025-06-26 12:02:13.061297673
4J-VFoYM,nssdUwQR,2025-01-16 17:39:59.310750616,2025-01-16 18:10:59.310750616
vjR-oeMP,nssdUwQR,2025-02-10 04:07:16.310750616,2025-02-10 05:32:16.310750616
0TN9_nq5,nssdUwQR,2025-03-28 08:28:17.310750616,2025-03-28 09:37:17.310750616
OGjzByMH,nssdUwQR,2025-04-26 01:28:53.310750616,2025-04-26 02:37:53.310750616
omsv8l7C,nssdUwQR,2025-05-14 03:19:53.310750616,2025-05-14 03:40:53.310750616
kQVwNplj,nssdUwQR,2025-06-26 16:15:48.310750616,2025-06-26 17:06:48.310750616
3bg9oXj9,INafjPnb,2025-04-01 13:20:30.774937776,2025-04-01 13:30:30.774937776
fltSqFBD,INafjPnb,2025-04-10 02:53:43.774937776,2025-04-10 03:58:43.774937776
eakb1ERw,INafjPnb,2025-04-20 07:14:34.774937776,2025-04-20 07:20:34.774937776
ARcwKE1I,INafjPnb,2025-04-25 14:38:29.774937776,2025-04-25 14:43:29.774937776
0_Fnfdji,INafjPnb,2025-04-28 22:09:27.774937776,2025-04-28 22:21:27.774937776
ZqkbSsMb,INafjPnb,2025-05-08 13:10:38.774937776,2025-05-08 13:38:38.774937776
Gc8Fj7rT,INafjPnb,2025-05-15 18:04:25.774937776,2025-05-15 18:14:25.774937776
ktBm6yUw,INafjPnb,2025-05-22 23:42:36.774937776,2025-05-23 01:00:36.774937776
PUmOAUOf,INafjPnb,2025-05-25 14:08:02.774937776,2025-05-25 14:54:02.774937776
cyLKp8P6,INafjPnb,2025-06-03 12:13:43.774937776,2025-06-03 17:19:43.774937776
2qFT4N_W,INafjPnb,2025-06-14 09:30:26.774937776,2025-06-14 12:54:26.774937776
lqZfkNVa,INafjPnb,2025-06-17 02:28:57.774937776,2025-06-17 03:11:57.774937776
C451KmNs,INafjPnb,2025-06-24 12:16:51.774937776,2025-06-24 12:54:51.774937776
da19GRe7,74_8jNZ7,2025-06-11 07:53:14.936980590,2025-06-11 11:24:14.936980590
UQjmuyXq,xpXj8hy_,2025-01-13 13:51:09.902717084,2025-01-13 14:08:09.902717084
dNqQgOKn,xpXj8hy_,2025-01-18 18:46:22.902717084,2025-01-18 19:34:22.902717084
xLh6V8CB,xpXj8hy_,2025-01-26 13:56:00.902717084,2025-01-26 15:45:00.902717084
HE2Omi1e,xpXj8hy_,2025-02-03 09:09:46.902717084,2025-02-03 09:46:46.902717084
fNeCTP2c,xpXj8hy_,2025-02-08 22:28:06.902717084,2025-02-08 23:03:06.902717084
afRI_LEC,xpXj8hy_,2025-02-15 16:39:02.902717084,2025-02-15 16:48:02.902717084
-nJlwtJh,xpXj8hy_,2025-02-23 05:09:08.902717084,2025-02-23 05:46:08.902717084
Fv_fxMgt,xpXj8hy_,2025-03-02 15:03:04.902717084,2025-03-02 17:22:04.902717084
cJj2Kz-n,xpXj8hy_,2025-03-08 21:45:11.902717084,2025-03-08 22:19:11.902717084
iIlSWfqC,xpXj8hy_,2025-03-17 10:23:04.902717084,2025-03-17 11:06:04.902717084
xlCDOAOL,xpXj8hy_,2025-03-22 16:33:40.902717084,2025-03-22 19:25:40.902717084
vjY0dIMW,xpXj8hy_,2025-03-30 11:52:06.902717084,2025-03-30 12:15:06.902717084
SbIWWTny,xpXj8hy_,2025-04-06 06:40:27.902717084,2025-04-06 06:42:27.902717084
zNEJLP-H,xpXj8hy_,2025-04-13 10:04:52.902717084,2025-04-13 12:10:52.902717084
kZOvRUgd,xpXj8hy_,2025-04-20 12:58:04.902717084,2025-04-20 13:39:04.902717084
Pp-DrBcm,xpXj8hy_,2025-04-28 02:12:12.902717084,2025-04-28 02:20:12.902717084
_AikSZTY,xpXj8hy_,2025-05-04 14:52:20.902717084,2025-05-04 14:57:20.902717084
_i-OQmpV,xpXj8hy_,2025-05-11 03:11:35.902717084,2025-05-11 03:51:35.902717084
J-cHpezl,xpXj8hy_,2025-05-17 20:57:14.902717084,2025-05-17 22:31:14.902717084
4iYT5zLH,xpXj8hy_,2025-05-24 19:03:23.902717084,2025-05-24 19:04:23.902717084
eIhzhTrt,xpXj8hy_,2025-05-31 22:22:50.902717084,2025-05-31 22:26:50.902717084
ioiyqOWh,xpXj8hy_,2025-06-08 01:22:31.902717084,2025-06-08 01:28:31.902717084
wlpuyFNS,xpXj8hy_,2025-06-15 19:19:20.902717084,2025-06-15 19:29:20.902717084
5UuB0EPb,xpXj8hy_,2025-06-21 18:05:13.902717084,2025-06-21 19:04:13.902717084
jFKTH0De,xpXj8hy_,2025-06-29 22:01:01.902717084,2025-06-29 22:04:01.902717084
jHT9jurP,oSA1xZ47,2024-01-06 06:00:43.658141834,2024-01-06 06:42:43.658141834
FNz6-6dG,oSA1xZ47,2024-01-14 16:58:27.658141834,2024-01-14 17:04:27.658141834
lJZtfb8Z,oSA1xZ47,2024-01-21 12:19:50.658141834,2024-01-21 19:47:50.658141834
A7Nri0d9,oSA1xZ47,2024-01-27 07:12:39.658141834,2024-01-27 08:08:39.658141834
EM_12SuK,oSA1xZ47,2024-02-04 13:16:22.658141834,2024-02-04 13:46:22.658141834
uV0gSgwI,oSA1xZ47,2024-02-11 11:27:45.658141834,2024-02-11 14:42:45.658141834
J720zBC8,oSA1xZ47,2024-02-17 21:59:45.658141834,2024-02-17 23:50:45.658141834
qd1g_hMM,oSA1xZ47,2024-02-26 00:21:33.658141834,2024-02-26 01:53:33.658141834
E3KgTrVk,oSA1xZ47,2024-03-03 07:27:43.658141834,2024-03-03 07:31:43.658141834
RhJ8vV2j,oSA1xZ47,2024-03-09 06:26:18.658141834,2024-03-09 07:33:18.658141834
Df6MBEyr,oSA1xZ47,2024-03-17 13:50:29.658141834,2024-03-17 16:01:29.658141834
rs5qP42Q,oSA1xZ47,2024-03-23 23:42:47.658141834,2024-03-24 00:23:47.658141834
YpimPLg9,oSA1xZ47,2024-03-31 22:18:04.658141834,2024-03-31 23:45:04.658141834
mDJRU7gG,oSA1xZ47,2024-04-07 02:22:54.658141834,2024-04-07 02:41:54.658141834
FhzjgBSz,oSA1xZ47,2024-04-13 18:05:39.658141834,2024-04-13 18:13:39.658141834
kyEh2WM0,oSA1xZ47,2024-04-21 04:02:19.658141834,2024-04-21 06:11:19.658141834
aSluaiJi,oSA1xZ47,2024-04-27 13:37:52.658141834,2024-04-27 14:09:52.658141834
ZSUvx8ki,oSA1xZ47,2024-05-05 03:11:10.658141834,2024-05-05 03:53:10.658141834
ZC5EWWQt,oSA1xZ47,2024-05-12 07:35:22.658141834,2024-05-12 07:56:22.658141834
YLsg9NoK,oSA1xZ47,2024-05-18 12:50:40.658141834,2024-05-18 13:31:40.658141834
rt2mnchv,oSA1xZ47,2024-05-25 15:43:55.658141834,2024-05-25 16:03:55.658141834
zamx8jV0,oSA1xZ47,2024-06-01 20:14:01.658141834,2024-06-01 20:17:01.658141834
L61Kpjja,oSA1xZ47,2024-06-08 21:09:36.658141834,2024-06-08 23:08:36.658141834
_kSxZv3i,oSA1xZ47,2024-06-15 18:08:11.658141834,2024-06-15 18:19:11.658141834
mDOqVozv,oSA1xZ47,2024-06-22 09:40:30.658141834,2024-06-22 10:03:30.658141834
74RM9cDW,oSA1xZ47,2024-06-29 17:19:31.658141834,2024-06-29 19:15:31.658141834
I1cLrjoi,oSA1xZ47,2024-07-06 16:17:41.658141834,2024-07-06 17:22:41.658141834
EJBDfour,oSA1xZ47,2024-07-14 20:45:38.658141834,2024-07-14 21:37:38.658141834
NofNMu7H,oSA1xZ47,2024-07-21 07:42:39.658141834,2024-07-21 09:52:39.658141834
BraKml9Q,oSA1xZ47,2024-07-28 20:17:52.658141834,2024-07-28 20:27:52.658141834
TzbJGniZ,oSA1xZ47,2024-08-03 03:27:18.658141834,2024-08-03 04:07:18.658141834
wDe5xGUt,oSA1xZ47,2024-08-11 04:01:32.658141834,2024-08-11 04:38:32.658141834
d1aOvawh,oSA1xZ47,2024-08-18 06:08:44.658141834,2024-08-18 09:37:44.658141834
zWFck9iH,oSA1xZ47,2024-08-24 19:06:32.658141834,2024-08-24 20:49:32.658141834
ocf1iQFY,oSA1xZ47,2024-08-31 16:33:37.658141834,2024-08-31 16:46:37.658141834
aweTRRuu,oSA1xZ47,2024-09-08 01:55:13.658141834,2024-09-08 02:05:13.658141834
Z0uVvNtM,oSA1xZ47,2024-09-14 19:32:23.658141834,2024-09-14 19:59:23.658141834
hkNZ3VuZ,oSA1xZ47,2024-09-22 03:23:14.658141834,2024-09-22 03:36:14.658141834
j-vz0_og,oSA1xZ47,2024-09-29 06:50:04.658141834,2024-09-29 07:18:04.658141834
EkKrFADV,oSA1xZ47,2024-10-05 22:39:17.658141834,2024-10-05 22:45:17.658141834
PV_XF0_n,oSA1xZ47,2024-10-12 13:45:20.658141834,2024-10-12 14:38:20.658141834
_MnLmve7,oSA1xZ47,2024-10-20 14:20:32.658141834,2024-10-20 14:33:32.658141834
Sm1hJ-m3,oSA1xZ47,2024-10-27 09:47:28.658141834,2024-10-27 10:01:28.658141834
W4WCDvnp,oSA1xZ47,2024-11-02 14:13:10.658141834,2024-11-02 18:13:10.658141834
rrSym-dX,oSA1xZ47,2024-11-10 02:39:41.658141834,2024-11-10 04:20:41.658141834
2RgcnR6N,oSA1xZ47,2024-11-17 10:26:10.658141834,2024-11-17 12:34:10.658141834
sD9zbHbv,oSA1xZ47,2024-11-24 04:26:40.658141834,2024-11-24 04:29:40.658141834
af4WBKUe,oSA1xZ47,2024-12-01 04:51:05.658141834,2024-12-01 05:09:05.658141834
pGounePj,oSA1xZ47,2024-12-07 17:47:37.658141834,2024-12-07 18:15:37.658141834
gnuNiylF,oSA1xZ47,2024-12-14 11:12:26.658141834,2024-12-14 12:56:26.658141834
nBc7bIsD,oSA1xZ47,2024-12-22 03:38:37.658141834,2024-12-22 04:34:37.658141834
wKdmJO62,oSA1xZ47,2024-12-28 08:43:08.658141834,2024-12-28 08:44:08.658141834
FGr63Pz2,oSA1xZ47,2025-01-05 23:54:57.658141834,2025-01-06 00:14:57.658141834
vvdpjfuE,oSA1xZ47,2025-01-12 05:01:45.658141834,2025-01-12 06:42:45.658141834
6VdVwYZ2,oSA1xZ47,2025-01-18 01:43:15.658141834,2025-01-18 07:23:15.658141834
hI6xGk9V,oSA1xZ47,2025-01-26 04:13:30.658141834,2025-01-26 04:38:30.658141834
lV18GSD_,oSA1xZ47,2025-02-01 20:48:44.658141834,2025-02-01 21:25:44.658141834
bw66Z98i,oSA1xZ47,2025-02-09 20:36:42.658141834,2025-02-09 21:31:42.658141834
gJ6Ni_4Q,oSA1xZ47,2025-02-15 15:20:50.658141834,2025-02-15 15:57:50.658141834
BP7R73lJ,oSA1xZ47,2025-02-23 04:55:15.658141834,2025-02-23 06:34:15.658141834
_IKephtn,oSA1xZ47,2025-03-02 13:04:52.658141834,2025-03-02 15:16:52.658141834
P9XFeUld,oSA1xZ47,2025-03-08 18:30:53.658141834,2025-03-08 18:42:53.658141834
oTQF8dM3,oSA1xZ47,2025-03-16 13:15:31.658141834,2025-03-16 14:02:31.658141834
J75jNGH9,oSA1xZ47,2025-03-23 18:47:22.658141834,2025-03-23 18:53:22.658141834
RqtS4YN1,oSA1xZ47,2025-03-30 06:53:57.658141834,2025-03-30 07:03:57.658141834
RQ5_Yudo,oSA1xZ47,2025-04-06 17:41:51.658141834,2025-04-06 18:19:51.658141834
yuMRzZu7,oSA1xZ47,2025-04-13 04:04:11.658141834,2025-04-13 04:26:11.658141834
Rav7lDOC,oSA1xZ47,2025-04-19 22:39:23.658141834,2025-04-19 22:44:23.658141834
SDu0CJx3,oSA1xZ47,2025-04-27 23:05:52.658141834,2025-04-27 23:49:52.658141834
KRKGxzIo,oSA1xZ47,2025-05-03 01:19:08.658141834,2025-05-03 02:39:08.658141834
0vkel7IU,oSA1xZ47,2025-05-11 09:04:38.658141834,2025-05-11 10:22:38.658141834
wUKp0uIr,oSA1xZ47,2025-05-18 10:44:50.658141834,2025-05-18 11:06:50.658141834
HHj_ToJp,oSA1xZ47,2025-05-24 23:01:20.658141834,2025-05-24 23:47:20.658141834
7GbNvIfl,oSA1xZ47,2025-05-31 19:00:29.658141834,2025-05-31 19:13:29.658141834
BixWZ_Z4,oSA1xZ47,2025-06-08 16:15:10.658141834,2025-06-08 16:30:10.658141834
NDVXYd32,oSA1xZ47,2025-06-14 04:18:55.658141834,2025-06-14 04:41:55.658141834
71ppXDs9,oSA1xZ47,2025-06-22 11:43:34.658141834,2025-06-22 14:33:34.658141834
MNTpzcAE,oSA1xZ47,2025-06-28 09:06:23.658141834,2025-06-28 09:38:23.658141834
eMHtxRM7,P_AFEJrN,2024-09-09 09:40:37.361555864,2024-09-09 10:16:37.361555864
dzOG5U6s,P_AFEJrN,2024-09-14 16:17:45.361555864,2024-09-14 16:52:45.361555864
a612rX5r,P_AFEJrN,2024-09-22 14:21:21.361555864,2024-09-22 15:14:21.361555864
GYXsYAcl,P_AFEJrN,2024-09-29 14:40:05.361555864,2024-09-29 15:06:05.361555864
4LvJiybO,P_AFEJrN,2024-10-06 04:06:46.361555864,2024-10-06 04:29:46.361555864
d1fqVwxO,P_AFEJrN,2024-10-13 23:26:08.361555864,2024-10-13 23:27:08.361555864
Yi_J_lmo,P_AFEJrN,2024-10-19 19:13:19.361555864,2024-10-19 20:46:19.361555864
vIo_VQeg,P_AFEJrN,2024-10-28 07:04:25.361555864,2024-10-28 08:16:25.361555864
diczV4X5,P_AFEJrN,2024-11-02 22:52:11.361555864,2024-11-02 23:22:11.361555864
HDVP_B0e,P_AFEJrN,2024-11-09 17:54:00.361555864,2024-11-09 18:52:00.361555864
rDjGMat4,P_AFEJrN,2024-11-18 04:27:26.361555864,2024-11-18 04:57:26.361555864
SZVLzOVx,P_AFEJrN,2024-11-24 05:14:56.361555864,2024-11-24 05:21:56.361555864
jfxywsp1,P_AFEJrN,2024-11-30 15:06:27.361555864,2024-11-30 15:15:27.361555864
pyZArw_W,P_AFEJrN,2024-12-07 18:04:40.361555864,2024-12-07 21:24:40.361555864
OjX3vtYW,P_AFEJrN,2024-12-15 10:43:41.361555864,2024-12-15 11:59:41.361555864
FrfgIXUR,P_AFEJrN,2024-12-22 16:51:01.361555864,2024-12-22 17:17:01.361555864
hlCPvsP1,P_AFEJrN,2024-12-30 03:24:56.361555864,2024-12-30 04:49:56.361555864
JNvQqZzQ,P_AFEJrN,2025-01-06 07:33:43.361555864,2025-01-06 08:16:43.361555864
JXgQmk6z,P_AFEJrN,2025-01-12 02:28:08.361555864,2025-01-12 04:00:08.361555864
IDlGfYOi,P_AFEJrN,2025-01-20 06:54:38.361555864,2025-01-20 07:59:38.361555864
HToAL2xH,P_AFEJrN,2025-01-25 21:37:34.361555864,2025-01-25 23:01:34.361555864
j0vnn-CE,P_AFEJrN,2025-02-01 20:44:22.361555864,2025-02-01 20:45:22.361555864
LYexNFCi,P_AFEJrN,2025-02-08 14:30:33.361555864,2025-02-08 18:48:33.361555864
PRUYYBS0,P_AFEJrN,2025-02-16 15:24:56.361555864,2025-02-16 15:26:56.361555864
5YYjDgMO,P_AFEJrN,2025-02-23 13:42:21.361555864,2025-02-23 14:11:21.361555864
L9jO1qvM,P_AFEJrN,2025-03-02 21:30:50.361555864,2025-03-02 21:37:50.361555864
9WZrrFTD,P_AFEJrN,2025-03-09 20:24:19.361555864,2025-03-09 20:36:19.361555864
ZFapT3fB,P_AFEJrN,2025-03-16 00:28:10.361555864,2025-03-16 00:59:10.361555864
z3FW6A2o,P_AFEJrN,2025-03-23 23:04:15.361555864,2025-03-23 23:30:15.361555864
cU4oTPUB,P_AFEJrN,2025-03-31 09:26:35.361555864,2025-03-31 12:19:35.361555864
YmYPd45g,P_AFEJrN,2025-04-05 22:18:18.361555864,2025-04-05 22:47:18.361555864
ZO6WaNxH,P_AFEJrN,2025-04-12 22:15:55.361555864,2025-04-13 01:15:55.361555864
zDluB335,P_AFEJrN,2025-04-19 18:00:44.361555864,2025-04-19 18:52:44.361555864
6IwiXUVT,P_AFEJrN,2025-04-27 15:46:41.361555864,2025-04-27 16:15:41.361555864
GmD0utUZ,P_AFEJrN,2025-05-04 09:39:19.361555864,2025-05-04 10:33:19.361555864
-1koU1w_,P_AFEJrN,2025-05-11 17:09:12.361555864,2025-05-11 18:00:12.361555864
R7U2Vyll,P_AFEJrN,2025-05-17 22:34:28.361555864,2025-05-17 22:51:28.361555864
GlJgnKYE,P_AFEJrN,2025-05-26 12:40:03.361555864,2025-05-26 12:57:03.361555864
9c3A-Z65,P_AFEJrN,2025-05-31 17:34:39.361555864,2025-05-31 19:51:39.361555864
5knhTGFq,P_AFEJrN,2025-06-08 10:36:57.361555864,2025-06-08 10:40:57.361555864
RazJs7gj,P_AFEJrN,2025-06-14 22:45:19.361555864,2025-06-14 23:28:19.361555864
CBnubioi,P_AFEJrN,2025-06-21 17:24:07.361555864,2025-06-21 20:27:07.361555864
oSJ1LaiJ,mwu2_1HA,2024-10-27 06:52:28.982447289,2024-10-27 07:39:28.982447289
ZYkYbEqN,mwu2_1HA,2024-10-29 19:30:24.982447289,2024-10-29 20:17:24.982447289
gk65AP9C,mwu2_1HA,2024-11-10 19:28:04.982447289,2024-11-10 20:26:04.982447289
mYZTwLaV,mwu2_1HA,2024-11-14 00:55:33.982447289,2024-11-14 03:12:33.982447289
2yBmUoYv,mwu2_1HA,2024-11-21 14:07:18.982447289,2024-11-21 14:11:18.982447289
Yhpv0m_V,mwu2_1HA,2024-11-30 03:00:18.982447289,2024-11-30 03:30:18.982447289
9_SoeAYc,mwu2_1HA,2024-12-06 11:43:24.982447289,2024-12-06 11:57:24.982447289
6aYMcPbj,mwu2_1HA,2024-12-10 01:47:18.982447289,2024-12-10 03:01:18.982447289
25cgjdVV,mwu2_1HA,2024-12-17 23:39:39.982447289,2024-12-18 01:46:39.982447289
3HVSsV6F,mwu2_1HA,2024-12-25 09:31:24.982447289,2024-12-25 09:51:24.982447289
epFc1a2O,mwu2_1HA,2025-01-05 12:01:48.982447289,2025-01-05 12:38:48.982447289
Md1N8isT,mwu2_1HA,2025-01-10 20:52:52.982447289,2025-01-10 20:54:52.982447289
h8zxOtUU,mwu2_1HA,2025-01-15 10:23:18.982447289,2025-01-15 11:01:18.982447289
o8vQz48-,mwu2_1HA,2025-01-25 00:16:39.982447289,2025-01-25 00:38:39.982447289
M32sOvre,mwu2_1HA,2025-02-01 00:54:50.982447289,2025-02-01 01:52:50.982447289
x_2xTKHm,mwu2_1HA,2025-02-05 15:04:24.982447289,2025-02-05 15:44:24.982447289
ovZkGjGD,mwu2_1HA,2025-02-12 16:34:18.982447289,2025-02-12 18:10:18.982447289
K1Nbu_-J,mwu2_1HA,2025-02-23 03:05:07.982447289,2025-02-23 03:38:07.982447289
d5P8ivXG,mwu2_1HA,2025-02-27 19:13:47.982447289,2025-02-27 19:51:47.982447289
qw5p5HW_,mwu2_1HA,2025-03-03 21:57:46.982447289,2025-03-03 23:49:46.982447289
nS0U1xSN,mwu2_1HA,2025-03-14 21:46:03.982447289,2025-03-14 22:20:03.982447289
r4nA609D,mwu2_1HA,2025-03-20 23:53:29.982447289,2025-03-21 00:52:29.982447289
5WLC7QoU,mwu2_1HA,2025-03-27 10:20:42.982447289,2025-03-27 10:35:42.982447289
15flfTh_,mwu2_1HA,2025-04-04 22:39:42.982447289,2025-04-05 00:04:42.982447289
J1wQMrcq,mwu2_1HA,2025-04-13 05:14:04.982447289,2025-04-13 06:15:04.982447289
WaMPTzlD,mwu2_1HA,2025-04-16 04:21:26.982447289,2025-04-16 05:25:26.982447289
1DN78QSB,mwu2_1HA,2025-04-23 19:17:12.982447289,2025-04-23 20:24:12.982447289
73r3jpbM,mwu2_1HA,2025-04-29 04:40:45.982447289,2025-04-29 05:36:45.982447289
274w3M6V,mwu2_1HA,2025-05-09 09:33:08.982447289,2025-05-09 09:37:08.982447289
kR6Uf5R4,mwu2_1HA,2025-05-14 16:30:00.982447289,2025-05-14 16:52:00.982447289
OEN-kAeI,mwu2_1HA,2025-05-21 06:21:39.982447289,2025-05-21 08:26:39.982447289
JRhk_yuV,mwu2_1HA,2025-05-30 17:51:36.982447289,2025-05-30 19:36:36.982447289
PhPsYMzU,mwu2_1HA,2025-06-04 17:24:52.982447289,2025-06-04 19:07:52.982447289
hkQA0-84,mwu2_1HA,2025-06-12 02:51:28.982447289,2025-06-12 05:47:28.982447289
sWlF4kqn,mwu2_1HA,2025-06-18 22:46:21.982447289,2025-06-18 23:36:21.982447289
JewTkXn6,mwu2_1HA,2025-06-24 16:16:42.982447289,2025-06-24 17:02:42.982447289
gMkGyJ91,w8A9QpKg,2025-01-06 10:30:28.680688424,2025-01-06 12:10:28.680688424
zh0xgI7U,w8A9QpKg,2025-01-12 13:55:30.680688424,2025-01-12 14:25:30.680688424
r55wWF8z,w8A9QpKg,2025-01-20 06:46:15.680688424,2025-01-20 07:49:15.680688424
xUx6AQpV,w8A9QpKg,2025-01-27 04:36:47.680688424,2025-01-27 05:03:47.680688424
C9cyp-JJ,w8A9QpKg,2025-02-02 20:39:22.680688424,2025-02-02 21:15:22.680688424
IuOWGvTU,w8A9QpKg,2025-02-10 20:55:30.680688424,2025-02-10 21:21:30.680688424
2Z7oh4-W,w8A9QpKg,2025-02-16 18:59:31.680688424,2025-02-16 19:13:31.680688424
Vqrf1voo,w8A9QpKg,2025-02-24 22:13:44.680688424,2025-02-24 23:00:44.680688424
gT5OuDV9,w8A9QpKg,2025-03-02 16:37:55.680688424,2025-03-02 17:17:55.680688424
scuPls8Y,w8A9QpKg,2025-03-10 17:06:15.680688424,2025-03-10 20:10:15.680688424
XTNx-pfP,w8A9QpKg,2025-03-16 17:03:15.680688424,2025-03-16 17:09:15.680688424
xGPwmeQs,w8A9QpKg,2025-03-23 10:17:12.680688424,2025-03-23 10:52:12.680688424
Re-OH3T8,w8A9QpKg,2025-03-31 09:42:25.680688424,2025-03-31 11:08:25.680688424
Lfz0FHbs,w8A9QpKg,2025-04-07 04:31:03.680688424,2025-04-07 05:14:03.680688424
2jufQTbl,w8A9QpKg,2025-04-14 14:13:40.680688424,2025-04-14 16:52:40.680688424
77biOLZs,w8A9QpKg,2025-04-21 05:41:45.680688424,2025-04-21 06:10:45.680688424
mnZeUK3Z,w8A9QpKg,2025-04-27 04:56:22.680688424,2025-04-27 05:05:22.680688424
feKj6WGv,w8A9QpKg,2025-05-04 12:48:55.680688424,2025-05-04 14:57:55.680688424
g08gD9hY,w8A9QpKg,2025-05-11 08:35:30.680688424,2025-05-11 08:39:30.680688424
6mTHu0Bm,w8A9QpKg,2025-05-18 04:00:17.680688424,2025-05-18 04:33:17.680688424
a5Z2b9uR,w8A9QpKg,2025-05-26 18:20:15.680688424,2025-05-26 18:45:15.680688424
aaJ8bD_b,w8A9QpKg,2025-06-01 19:24:21.680688424,2025-06-01 20:19:21.680688424
xW5TEQMt,w8A9QpKg,2025-06-09 02:46:37.680688424,2025-06-09 04:03:37.680688424
kOZH8toK,w8A9QpKg,2025-06-14 22:55:56.680688424,2025-06-14 23:33:56.680688424
kurvwVAi,w8A9QpKg,2025-06-22 06:49:09.680688424,2025-06-22 08:42:09.680688424
mdVl_5Jl,w8A9QpKg,2025-06-29 17:53:32.680688424,2025-06-29 17:55:32.680688424
dEeG2C75,D3D0qPqz,2024-11-04 01:58:05.078400560,2024-11-04 02:04:05.078400560
qsuUFdil,D3D0qPqz,2024-11-17 02:11:02.078400560,2024-11-17 02:18:02.078400560
hJt6LMnF,D3D0qPqz,2024-11-19 11:56:31.078400560,2024-11-19 12:30:31.078400560
9d2vPMJ2,D3D0qPqz,2024-11-26 11:34:59.078400560,2024-11-26 11:43:59.078400560
hz2UYvqA,D3D0qPqz,2024-12-03 07:59:47.078400560,2024-12-03 08:00:47.078400560
sels1mAZ,D3D0qPqz,2024-12-11 11:35:15.078400560,2024-12-11 11:36:15.078400560
8ILZVyWc,D3D0qPqz,2024-12-16 11:58:50.078400560,2024-12-16 12:18:50.078400560
2HuthxZQ,D3D0qPqz,2024-12-25 05:28:01.078400560,2024-12-25 07:12:01.078400560
Gzds8IsH,D3D0qPqz,2024-12-30 17:22:52.078400560,2024-12-30 17:29:52.078400560
xIzTquVA,D3D0qPqz,2025-01-05 14:44:34.078400560,2025-01-05 15:39:34.078400560
PGKJ_USa,D3D0qPqz,2025-01-14 20:03:07.078400560,2025-01-14 21:46:07.078400560
KrPVCkzX,D3D0qPqz,2025-01-23 23:02:41.078400560,2025-01-23 23:15:41.078400560
PPB9rIBK,D3D0qPqz,2025-01-31 14:18:12.078400560,2025-01-31 14:38:12.078400560
JomNjsGq,D3D0qPqz,2025-02-04 17:27:54.078400560,2025-02-04 22:30:54.078400560
G__4VwvD,D3D0qPqz,2025-02-11 12:29:37.078400560,2025-02-11 13:41:37.078400560
-84TGwy3,D3D0qPqz,2025-02-21 18:23:54.078400560,2025-02-21 19:06:54.078400560
pJ1Rmzpd,D3D0qPqz,2025-02-28 00:32:38.078400560,2025-02-28 02:23:38.078400560
l0nx-rkx,D3D0qPqz,2025-03-08 01:54:02.078400560,2025-03-08 02:00:02.078400560
EaZwDrM8,D3D0qPqz,2025-03-15 14:19:46.078400560,2025-03-15 15:51:46.078400560
kExjpf-n,D3D0qPqz,2025-03-22 00:04:16.078400560,2025-03-22 01:26:16.078400560
_I8GKue0,D3D0qPqz,2025-03-29 19:26:02.078400560,2025-03-29 19:53:02.078400560
vcqop1yQ,D3D0qPqz,2025-04-02 04:06:15.078400560,2025-04-02 04:27:15.078400560
Juxs-qYE,D3D0qPqz,2025-04-09 00:24:33.078400560,2025-04-09 01:13:33.078400560
_GmRIfKL,D3D0qPqz,2025-04-15 12:07:26.078400560,2025-04-15 13:34:26.078400560
G-kmNWui,D3D0qPqz,2025-04-21 21:37:18.078400560,2025-04-21 23:13:18.078400560
tGTXiAzB,D3D0qPqz,2025-05-02 11:54:22.078400560,2025-05-02 14:09:22.078400560
x0C2TzBu,D3D0qPqz,2025-05-09 06:07:56.078400560,2025-05-09 06:19:56.078400560
tMkG17-k,D3D0qPqz,2025-05-16 20:44:16.078400560,2025-05-16 21:00:16.078400560
jw5Op70Y,D3D0qPqz,2025-05-19 10:13:34.078400560,2025-05-19 11:34:34.078400560
yOH448RR,D3D0qPqz,2025-05-28 16:38:08.078400560,2025-05-28 16:50:08.078400560
VzXyQiXt,D3D0qPqz,2025-06-02 19:23:36.078400560,2025-06-02 19:24:36.078400560
3DzDL2Dr,D3D0qPqz,2025-06-14 12:08:01.078400560,2025-06-14 12:22:01.078400560
53Km7oXM,D3D0qPqz,2025-06-17 03:01:46.078400560,2025-06-17 03:22:46.078400560
oTsiGPAZ,D3D0qPqz,2025-06-23 06:16:51.078400560,2025-06-23 06:37:51.078400560
ckx9qntm,mek9kbGQ,2025-01-13 00:57:37.834532443,2025-01-13 03:07:37.834532443
REWmrzKP,mek9kbGQ,2025-01-20 04:40:10.834532443,2025-01-20 05:06:10.834532443
V0RAE-37,mek9kbGQ,2025-01-26 07:53:10.834532443,2025-01-26 08:37:10.834532443
oQfMqH36,mek9kbGQ,2025-02-02 12:29:24.834532443,2025-02-02 13:01:24.834532443
CB1u3qg2,mek9kbGQ,2025-02-09 06:12:35.834532443,2025-02-09 07:15:35.834532443
0wwxWemz,mek9kbGQ,2025-02-15 12:35:16.834532443,2025-02-15 12:52:16.834532443
zqG4NRak,mek9kbGQ,2025-02-24 07:03:07.834532443,2025-02-24 08:49:07.834532443
kmUf2O5y,mek9kbGQ,2025-03-03 07:07:03.834532443,2025-03-03 10:32:03.834532443
KEIsB-JO,mek9kbGQ,2025-03-09 19:05:17.834532443,2025-03-09 19:09:17.834532443
lHA7gg9d,mek9kbGQ,2025-03-15 22:59:32.834532443,2025-03-15 23:00:32.834532443
x6nHQFfo,mek9kbGQ,2025-03-22 19:32:10.834532443,2025-03-22 20:03:10.834532443
wAVf7S9J,mek9kbGQ,2025-03-31 06:53:54.834532443,2025-03-31 07:39:54.834532443
IAMn6Zul,mek9kbGQ,2025-04-05 14:13:35.834532443,2025-04-05 15:30:35.834532443
E5rrB031,mek9kbGQ,2025-04-13 08:20:08.834532443,2025-04-13 08:52:08.834532443
OIbmPUpi,mek9kbGQ,2025-04-21 02:04:57.834532443,2025-04-21 02:41:57.834532443
v6yIl4Ef,mek9kbGQ,2025-04-27 17:23:43.834532443,2025-04-27 18:18:43.834532443
StVPKLEg,mek9kbGQ,2025-05-04 17:05:07.834532443,2025-05-04 17:35:07.834532443
2uRrVsnp,mek9kbGQ,2025-05-11 19:19:11.834532443,2025-05-11 22:43:11.834532443
O3weWzNu,mek9kbGQ,2025-05-17 20:54:46.834532443,2025-05-17 20:58:46.834532443
pspKjwSp,mek9kbGQ,2025-05-25 06:31:24.834532443,2025-05-25 06:38:24.834532443
U4OlP8Us,mek9kbGQ,2025-06-01 17:06:33.834532443,2025-06-01 17:50:33.834532443
LUrbVKqP,mek9kbGQ,2025-06-07 23:02:27.834532443,2025-06-07 23:20:27.834532443
N9GWOhMb,mek9kbGQ,2025-06-14 15:06:07.834532443,2025-06-14 16:49:07.834532443
FwD3mU2e,mek9kbGQ,2025-06-21 14:23:10.834532443,2025-06-21 14:48:10.834532443
Vi9hGp6K,AlqaSVB3,2024-09-22 20:41:54.806603156,2024-09-22 21:18:54.806603156
vLw6igdb,AlqaSVB3,2024-10-06 13:15:21.806603156,2024-10-06 13:31:21.806603156
o4Dzjdp9,AlqaSVB3,2024-11-12 23:15:32.806603156,2024-11-13 03:27:32.806603156
DxNCd2uz,AlqaSVB3,2024-12-05 12:36:41.806603156,2024-12-05 13:59:41.806603156
TBWHpPNK,AlqaSVB3,2025-01-05 02:22:53.806603156,2025-01-05 02:27:53.806603156
PK385Fcv,AlqaSVB3,2025-02-25 15:04:17.806603156,2025-02-25 15:09:17.806603156
BBeBNvWT,AlqaSVB3,2025-03-09 18:59:45.806603156,2025-03-09 19:34:45.806603156
K5mspsaY,AlqaSVB3,2025-04-11 16:36:27.806603156,2025-04-11 18:12:27.806603156
dEjoTYQu,AlqaSVB3,2025-05-02 23:20:53.806603156,2025-05-02 23:25:53.806603156
oTCM04fL,AlqaSVB3,2025-06-11 18:57:31.806603156,2025-06-11 20:33:31.806603156
JSFpm187,Ubjukxgm,2024-05-14 14:01:49.882005930,2024-05-14 14:18:49.882005930
PXyuwrMn,Ubjukxgm,2024-05-20 10:54:58.882005930,2024-05-20 12:18:58.882005930
hsTar3VR,Ubjukxgm,2024-06-01 11:16:14.882005930,2024-06-01 11:59:14.882005930
Kiq80ech,Ubjukxgm,2024-06-07 13:47:48.882005930,2024-06-07 14:49:48.882005930
rrR5ubyq,Ubjukxgm,2024-06-13 09:55:15.882005930,2024-06-13 11:48:15.882005930
GVGZy5TA,Ubjukxgm,2024-06-17 17:36:24.882005930,2024-06-17 20:10:24.882005930
yWEHBNbR,Ubjukxgm,2024-06-30 16:59:04.882005930,2024-06-30 18:15:04.882005930
tEkfoRdz,Ubjukxgm,2024-07-03 19:54:02.882005930,2024-07-03 20:52:02.882005930
EqKPnuYX,Ubjukxgm,2024-07-08 00:57:51.882005930,2024-07-08 02:32:51.882005930
-mVn9RX0,Ubjukxgm,2024-07-16 04:49:02.882005930,2024-07-16 05:08:02.882005930
Y_q7ti-h,Ubjukxgm,2024-07-24 12:57:19.882005930,2024-07-24 13:20:19.882005930
YqaYh7mS,Ubjukxgm,2024-07-29 04:00:49.882005930,2024-07-29 05:18:49.882005930
3G0PeFyg,Ubjukxgm,2024-08-06 23:57:50.882005930,2024-08-07 00:20:50.882005930
T4_Bzbe7,Ubjukxgm,2024-08-15 00:14:04.882005930,2024-08-15 00:36:04.882005930
8OB-SHJs,Ubjukxgm,2024-08-25 08:54:54.882005930,2024-08-25 11:01:54.882005930
3iYp5Ik5,Ubjukxgm,2024-08-26 08:03:13.882005930,2024-08-26 09:44:13.882005930
3zboAcv8,Ubjukxgm,2024-09-05 18:27:19.882005930,2024-09-05 18:50:19.882005930
YB04ITwP,Ubjukxgm,2024-09-15 03:23:26.882005930,2024-09-15 03:59:26.882005930
PpcEfkVj,Ubjukxgm,2024-09-21 08:58:58.882005930,2024-09-21 10:42:58.882005930
WQgVUlFv,Ubjukxgm,2024-09-29 04:55:58.882005930,2024-09-29 05:00:58.882005930
CIO5l6ED,Ubjukxgm,2024-09-30 22:09:36.882005930,2024-09-30 23:25:36.882005930
CCXBZPXE,Ubjukxgm,2024-10-12 08:10:06.882005930,2024-10-12 08:21:06.882005930
wGKhvWBH,Ubjukxgm,2024-10-20 13:57:11.882005930,2024-10-20 15:54:11.882005930
FbUq4-11,Ubjukxgm,2024-10-23 00:18:58.882005930,2024-10-23 00:56:58.882005930
L9v8hy8C,Ubjukxgm,2024-10-31 05:18:51.882005930,2024-10-31 05:28:51.882005930
ak0Dd3qs,Ubjukxgm,2024-11-07 10:43:26.882005930,2024-11-07 10:44:26.882005930
eMJGG83p,Ubjukxgm,2024-11-14 04:28:46.882005930,2024-11-14 04:29:46.882005930
h8NkgWTJ,Ubjukxgm,2024-11-19 18:13:34.882005930,2024-11-19 18:36:34.882005930
TNqL-q0-,Ubjukxgm,2024-12-01 12:39:05.882005930,2024-12-01 14:11:05.882005930
KpP9yJ2P,Ubjukxgm,2024-12-08 10:14:03.882005930,2024-12-08 10:16:03.882005930
qeuI_xCJ,Ubjukxgm,2024-12-11 09:30:20.882005930,2024-12-11 10:50:20.882005930
CqoMXpFE,Ubjukxgm,2024-12-21 08:49:54.882005930,2024-12-21 11:03:54.882005930
fqgXJLwN,Ubjukxgm,2024-12-25 12:19:37.882005930,2024-12-25 12:44:37.882005930
QkudXFiy,Ubjukxgm,2025-01-04 07:04:15.882005930,2025-01-04 08:24:15.882005930
yiYTHyk9,Ubjukxgm,2025-01-09 19:46:52.882005930,2025-01-09 19:47:52.882005930
pREIoynL,Ubjukxgm,2025-01-16 00:31:52.882005930,2025-01-16 00:38:52.882005930
Drk9UlJk,Ubjukxgm,2025-01-20 15:03:20.882005930,2025-01-20 15:20:20.882005930
y-5yE04D,Ubjukxgm,2025-01-31 07:30:50.882005930,2025-01-31 08:03:50.882005930
MxmLWxZV,Ubjukxgm,2025-02-04 23:29:06.882005930,2025-02-05 00:43:06.882005930
HCPOju_7,Ubjukxgm,2025-02-11 05:58:30.882005930,2025-02-11 07:42:30.882005930
ou0kPTID,Ubjukxgm,2025-02-18 02:00:06.882005930,2025-02-18 02:28:06.882005930
ThgbK8PC,Ubjukxgm,2025-03-02 14:29:53.882005930,2025-03-02 15:12:53.882005930
k9NegDxB,Ubjukxgm,2025-03-03 10:53:39.882005930,2025-03-03 14:53:39.882005930
s3gcMy9a,Ubjukxgm,2025-03-15 07:41:42.882005930,2025-03-15 08:28:42.882005930
dwo8dwOT,Ubjukxgm,2025-03-22 19:03:18.882005930,2025-03-22 19:34:18.882005930
GUCSvduP,Ubjukxgm,2025-03-23 22:45:34.882005930,2025-03-24 00:28:34.882005930
A-LN5j1e,Ubjukxgm,2025-04-03 20:33:01.882005930,2025-04-04 02:00:01.882005930
T_XcGtLL,Ubjukxgm,2025-04-10 18:32:48.882005930,2025-04-10 19:04:48.882005930
iK_Lo6bm,Ubjukxgm,2025-04-16 05:47:59.882005930,2025-04-16 06:53:59.882005930
68LzqbjP,Ubjukxgm,2025-04-25 09:33:02.882005930,2025-04-25 12:00:02.882005930
ZezU5niv,Ubjukxgm,2025-04-30 14:11:57.882005930,2025-04-30 14:37:57.882005930
ieqsGfuE,Ubjukxgm,2025-05-07 19:24:39.882005930,2025-05-07 19:59:39.882005930
im1xnh5W,Ubjukxgm,2025-05-14 18:02:16.882005930,2025-05-14 18:48:16.882005930
zcfN-8r_,Ubjukxgm,2025-05-24 08:03:21.882005930,2025-05-24 08:54:21.882005930
oVDfzRZF,Ubjukxgm,2025-05-30 03:54:42.882005930,2025-05-30 05:14:42.882005930
PyL70ida,Ubjukxgm,2025-06-04 09:13:21.882005930,2025-06-04 10:25:21.882005930
n3DoQvDq,Ubjukxgm,2025-06-15 05:14:24.882005930,2025-06-15 05:46:24.882005930
R3h208Zc,Ubjukxgm,2025-06-21 08:17:19.882005930,2025-06-21 10:51:19.882005930
VF5_ixNa,Ubjukxgm,2025-06-29 06:14:59.882005930,2025-06-29 06:48:59.882005930
FVmEhV-O,vYbZG2f4,2024-07-12 04:24:05.366388640,2024-07-12 05:19:05.366388640
0ERKU2KC,vYbZG2f4,2024-08-23 12:33:41.366388640,2024-08-23 12:35:41.366388640
_BsOMiCd,vYbZG2f4,2024-09-24 08:54:22.366388640,2024-09-24 09:03:22.366388640
ICt_MaZM,vYbZG2f4,2024-10-09 00:11:56.366388640,2024-10-09 00:24:56.366388640
uiou5O9S,vYbZG2f4,2024-11-10 00:47:04.366388640,2024-11-10 01:07:04.366388640
Dt7LzRKe,vYbZG2f4,2024-12-25 08:50:16.366388640,2024-12-25 09:22:16.366388640
ptxU1L81,vYbZG2f4,2025-01-02 05:48:45.366388640,2025-01-02 06:22:45.366388640
Ne5g7pXS,vYbZG2f4,2025-02-15 19:24:28.366388640,2025-02-15 19:57:28.366388640
EUezyYqE,vYbZG2f4,2025-03-13 17:39:33.366388640,2025-03-13 17:47:33.366388640
1XPzlg5H,vYbZG2f4,2025-04-20 21:09:59.366388640,2025-04-21 00:02:59.366388640
K3PiwOQO,vYbZG2f4,2025-05-05 22:17:30.366388640,2025-05-05 22:42:30.366388640
-Nzft_s-,vYbZG2f4,2025-06-19 09:58:44.366388640,2025-06-19 10:46:44.366388640
-WHOPbvX,RW_EwiFt,2024-08-14 12:35:04.356318464,2024-08-14 14:42:04.356318464
Hv5frgF3,RW_EwiFt,2024-08-20 14:28:53.356318464,2024-08-20 15:23:53.356318464
pamJ_nq2,RW_EwiFt,2024-08-26 10:51:24.356318464,2024-08-26 12:29:24.356318464
yO9DsSzG,RW_EwiFt,2024-09-05 23:09:24.356318464,2024-09-05 23:16:24.356318464
GG8mzIvc,RW_EwiFt,2024-09-13 10:46:25.356318464,2024-09-13 13:16:25.356318464
9CMl1-1H,RW_EwiFt,2024-09-22 19:44:16.356318464,2024-09-22 19:52:16.356318464
Ekz6iTKj,RW_EwiFt,2024-09-28 23:41:24.356318464,2024-09-28 23:48:24.356318464
vLuyrjq0,RW_EwiFt,2024-10-06 01:50:01.356318464,2024-10-06 02:08:01.356318464
-ZHuxP-D,RW_EwiFt,2024-10-11 07:50:40.356318464,2024-10-11 08:34:40.356318464
r618E-kv,RW_EwiFt,2024-10-16 09:44:32.356318464,2024-10-16 09:54:32.356318464
TqniO3LA,RW_EwiFt,2024-10-23 21:22:10.356318464,2024-10-23 23:56:10.356318464
qFKbAgtl,RW_EwiFt,2024-10-28 19:45:44.356318464,2024-10-28 20:00:44.356318464
9irZWKgI,RW_EwiFt,2024-11-06 21:42:50.356318464,2024-11-06 23:50:50.356318464
vfZcULOl,RW_EwiFt,2024-11-13 10:31:08.356318464,2024-11-13 13:00:08.356318464
0V6seNes,RW_EwiFt,2024-11-18 03:19:27.356318464,2024-11-18 03:53:27.356318464
Fv8akg_p,RW_EwiFt,2024-11-26 07:38:38.356318464,2024-11-26 09:52:38.356318464
W1Xcwymz,RW_EwiFt,2024-12-05 15:06:22.356318464,2024-12-05 16:45:22.356318464
8dM0GVGU,RW_EwiFt,2024-12-11 11:20:34.356318464,2024-12-11 11:51:34.356318464
iGFtn9-S,RW_EwiFt,2024-12-22 20:12:30.356318464,2024-12-22 21:52:30.356318464
yI2ZE3z4,RW_EwiFt,2024-12-26 05:41:09.356318464,2024-12-26 06:50:09.356318464
mXMtXqUS,RW_EwiFt,2025-01-05 14:21:22.356318464,2025-01-05 14:40:22.356318464
_Lrqa65b,RW_EwiFt,2025-01-10 12:17:34.356318464,2025-01-10 16:00:34.356318464
kfq--CJ5,RW_EwiFt,2025-01-13 04:04:49.356318464,2025-01-13 05:02:49.356318464
UVtbfOIR,RW_EwiFt,2025-01-21 07:28:19.356318464,2025-01-21 09:20:19.356318464
z_AiBb6Q,RW_EwiFt,2025-01-31 19:52:02.356318464,2025-01-31 20:25:02.356318464
4V4KqvKo,RW_EwiFt,2025-02-06 16:52:23.356318464,2025-02-06 17:56:23.356318464
YQTF40gx,RW_EwiFt,2025-02-11 23:59:23.356318464,2025-02-12 00:16:23.356318464
RhDhCoUn,RW_EwiFt,2025-02-20 13:00:12.356318464,2025-02-20 13:22:12.356318464
-9-1rcGY,RW_EwiFt,2025-03-02 04:59:43.356318464,2025-03-02 06:25:43.356318464
Fjk-VjND,RW_EwiFt,2025-03-05 14:35:46.356318464,2025-03-05 16:37:46.356318464
Gn7BfmaX,RW_EwiFt,2025-03-10 04:52:21.356318464,2025-03-10 08:57:21.356318464
-IsA-b0-,RW_EwiFt,2025-03-19 01:32:04.356318464,2025-03-19 02:13:04.356318464
W-5bYext,RW_EwiFt,2025-03-30 10:31:12.356318464,2025-03-30 10:32:12.356318464
kz_adNPD,RW_EwiFt,2025-04-05 05:16:18.356318464,2025-04-05 05:27:18.356318464
bmeIbf2S,RW_EwiFt,2025-04-12 17:59:21.356318464,2025-04-12 18:10:21.356318464
wTHkAEmR,RW_EwiFt,2025-04-20 06:26:35.356318464,2025-04-20 09:46:35.356318464
j88Idp3P,RW_EwiFt,2025-04-21 17:02:02.356318464,2025-04-21 17:24:02.356318464
dIm2tEt6,RW_EwiFt,2025-04-29 20:46:56.356318464,2025-04-29 21:09:56.356318464
EegN3L7l,RW_EwiFt,2025-05-05 07:20:37.356318464,2025-05-05 10:02:37.356318464
5AsVxdvb,RW_EwiFt,2025-05-11 22:05:20.356318464,2025-05-11 22:52:20.356318464
mRLndfSJ,RW_EwiFt,2025-05-24 17:31:27.356318464,2025-05-24 17:56:27.356318464
6pzfWxmR,RW_EwiFt,2025-06-01 10:42:01.356318464,2025-06-01 10:43:01.356318464
jT5DFcOP,RW_EwiFt,2025-06-02 23:27:38.356318464,2025-06-02 23:32:38.356318464
fo7Qdu70,RW_EwiFt,2025-06-13 22:37:03.356318464,2025-06-13 22:51:03.356318464
GPcMXrqa,RW_EwiFt,2025-06-19 15:09:22.356318464,2025-06-19 15:25:22.356318464
Q2xiPvzZ,RW_EwiFt,2025-06-23 08:55:23.356318464,2025-06-23 09:31:23.356318464
Mxio9-wt,CmBWmdDG,2024-10-07 19:56:38.411682810,2024-10-07 19:59:38.411682810
gDgYpTRt,CmBWmdDG,2024-10-16 18:22:45.411682810,2024-10-16 19:04:45.411682810
AbjzEnsV,CmBWmdDG,2024-10-24 15:01:18.411682810,2024-10-24 15:06:18.411682810
pjgcYDeG,CmBWmdDG,2024-10-31 09:17:34.411682810,2024-10-31 12:42:34.411682810
taLGZUxD,CmBWmdDG,2024-11-08 13:55:08.411682810,2024-11-08 14:04:08.411682810
_aCm5IsF,CmBWmdDG,2024-11-11 10:02:25.411682810,2024-11-11 10:06:25.411682810
Z9T4Z7mL,CmBWmdDG,2024-11-20 13:22:45.411682810,2024-11-20 15:40:45.411682810
7nz1oJKL,CmBWmdDG,2024-11-29 14:37:28.411682810,2024-11-29 15:11:28.411682810
CpLU0TxW,CmBWmdDG,2024-12-07 01:06:48.411682810,2024-12-07 01:49:48.411682810
Qz0bEUSY,CmBWmdDG,2024-12-12 07:54:54.411682810,2024-12-12 08:29:54.411682810
hXYLr6Em,CmBWmdDG,2024-12-19 13:38:39.411682810,2024-12-19 16:17:39.411682810
fhiCa3TO,CmBWmdDG,2024-12-28 01:18:05.411682810,2024-12-28 02:10:05.411682810
bnkDxdQj,CmBWmdDG,2025-01-02 09:06:18.411682810,2025-01-02 09:44:18.411682810
Tcyql_lx,CmBWmdDG,2025-01-11 15:31:56.411682810,2025-01-11 15:37:56.411682810
4MSSeMtR,CmBWmdDG,2025-01-12 21:33:44.411682810,2025-01-13 00:28:44.411682810
Ch_wEWfr,CmBWmdDG,2025-01-21 10:34:26.411682810,2025-01-21 10:49:26.411682810
25Jnrm67,CmBWmdDG,2025-01-26 18:58:23.411682810,2025-01-26 21:43:23.411682810
svCy63-Y,CmBWmdDG,2025-02-02 15:20:38.411682810,2025-02-02 15:22:38.411682810
9ERTCT2B,CmBWmdDG,2025-02-12 07:24:46.411682810,2025-02-12 09:26:46.411682810
VohRMWg5,CmBWmdDG,2025-02-17 14:04:57.411682810,2025-02-17 14:37:57.411682810
sKT_Ftf8,CmBWmdDG,2025-02-25 20:31:44.411682810,2025-02-26 00:51:44.411682810
YKWuGD-D,CmBWmdDG,2025-03-05 01:41:02.411682810,2025-03-05 03:27:02.411682810
m0zdcwIq,CmBWmdDG,2025-03-13 08:26:30.411682810,2025-03-13 08:33:30.411682810
ZM0cHHw1,CmBWmdDG,2025-03-22 15:00:11.411682810,2025-03-22 15:08:11.411682810
s7dwSvyv,CmBWmdDG,2025-03-28 22:49:25.411682810,2025-03-28 23:12:25.411682810
VCbKl17h,CmBWmdDG,2025-04-01 15:40:57.411682810,2025-04-01 19:10:57.411682810
e5INWNBU,CmBWmdDG,2025-04-08 06:49:29.411682810,2025-04-08 07:42:29.411682810
W_cZF6m7,CmBWmdDG,2025-04-18 09:36:59.411682810,2025-04-18 10:29:59.411682810
AAxWvtWw,CmBWmdDG,2025-04-20 20:54:00.411682810,2025-04-20 22:40:00.411682810
rFsL1qBs,CmBWmdDG,2025-04-30 18:55:36.411682810,2025-04-30 20:08:36.411682810
ATRmrkk3,CmBWmdDG,2025-05-06 23:11:36.411682810,2025-05-07 00:22:36.411682810
UBTZGmjx,CmBWmdDG,2025-05-12 06:50:18.411682810,2025-05-12 08:45:18.411682810
OPfr5jv-,CmBWmdDG,2025-05-22 07:41:24.411682810,2025-05-22 08:31:24.411682810
SagOX3lM,CmBWmdDG,2025-05-27 06:00:35.411682810,2025-05-27 07:19:35.411682810
sCMID_6D,CmBWmdDG,2025-06-02 07:18:26.411682810,2025-06-02 07:47:26.411682810
UZpESfy0,CmBWmdDG,2025-06-12 13:51:46.411682810,2025-06-12 14:36:46.411682810
DJYH3kYz,CmBWmdDG,2025-06-16 05:23:31.411682810,2025-06-16 06:21:31.411682810
oRikRKFY,CmBWmdDG,2025-06-26 17:09:57.411682810,2025-06-26 17:39:57.411682810
6YE7jYEz,ZIyrf_9U,2024-02-28 05:01:35.803374434,2024-02-28 06:07:35.803374434
syOowbIw,ZIyrf_9U,2024-03-06 14:16:56.803374434,2024-03-06 14:26:56.803374434
Cu6BldBI,ZIyrf_9U,2024-03-13 09:13:05.803374434,2024-03-13 09:29:05.803374434
cs4lVEQ1,ZIyrf_9U,2024-03-20 21:26:07.803374434,2024-03-20 21:39:07.803374434
M4VN9p5M,ZIyrf_9U,2024-03-25 16:11:24.803374434,2024-03-25 16:48:24.803374434
tyD0HMFJ,ZIyrf_9U,2024-04-04 08:26:43.803374434,2024-04-04 09:40:43.803374434
vmeyN00t,ZIyrf_9U,2024-04-12 09:10:52.803374434,2024-04-12 10:00:52.803374434
KSqnwA5t,ZIyrf_9U,2024-04-16 14:43:57.803374434,2024-04-16 14:44:57.803374434
A1zaR-58,ZIyrf_9U,2024-04-22 02:01:15.803374434,2024-04-22 02:15:15.803374434
-D25G9wf,ZIyrf_9U,2024-04-30 20:58:31.803374434,2024-04-30 22:12:31.803374434
mPhbhYfU,ZIyrf_9U,2024-05-06 13:20:56.803374434,2024-05-06 14:20:56.803374434
M3Xz1U4y,ZIyrf_9U,2024-05-14 18:48:31.803374434,2024-05-14 19:07:31.803374434
MxXXJLcE,ZIyrf_9U,2024-05-23 13:17:36.803374434,2024-05-23 13:38:36.803374434
384nVNmh,ZIyrf_9U,2024-05-26 23:02:14.803374434,2024-05-27 00:32:14.803374434
h0oN8nWZ,ZIyrf_9U,2024-06-07 09:31:41.803374434,2024-06-07 10:14:41.803374434
dXVAJ8Zk,ZIyrf_9U,2024-06-10 17:43:19.803374434,2024-06-10 18:37:19.803374434
-2Y4evoy,ZIyrf_9U,2024-06-22 10:17:40.803374434,2024-06-22 10:51:40.803374434
7ZkQ3P7H,ZIyrf_9U,2024-06-28 07:02:14.803374434,2024-06-28 08:23:14.803374434
IcON6kFX,ZIyrf_9U,2024-07-02 01:46:53.803374434,2024-07-02 03:59:53.803374434
hRBbOaLG,ZIyrf_9U,2024-07-11 02:36:33.803374434,2024-07-11 05:57:33.803374434
jugs7iy0,ZIyrf_9U,2024-07-14 22:35:19.803374434,2024-07-14 23:42:19.803374434
5DUzoV0p,ZIyrf_9U,2024-07-21 20:44:35.803374434,2024-07-21 21:15:35.803374434
7oIs3n84,ZIyrf_9U,2024-08-03 20:36:10.803374434,2024-08-03 20:45:10.803374434
tFR604Xt,ZIyrf_9U,2024-08-09 18:47:43.803374434,2024-08-09 18:49:43.803374434
pXQDVlW6,ZIyrf_9U,2024-08-12 05:55:48.803374434,2024-08-12 09:00:48.803374434
HbiScQuJ,ZIyrf_9U,2024-08-20 03:28:43.803374434,2024-08-20 04:49:43.803374434
GZwHL-kn,ZIyrf_9U,2024-08-26 13:11:41.803374434,2024-08-26 13:40:41.803374434
AnDnVgJt,ZIyrf_9U,2024-09-03 22:22:26.803374434,2024-09-03 23:19:26.803374434
WKFuKa-q,ZIyrf_9U,2024-09-10 04:55:49.803374434,2024-09-10 06:48:49.803374434
1txA3Y8Q,ZIyrf_9U,2024-09-17 11:06:05.803374434,2024-09-17 14:59:05.803374434
l5SvFyYc,ZIyrf_9U,2024-09-25 20:55:28.803374434,2024-09-25 21:08:28.803374434
SfOlrpuh,ZIyrf_9U,2024-09-30 11:44:52.803374434,2024-09-30 12:38:52.803374434
LHDfWdMA,ZIyrf_9U,2024-10-12 08:18:05.803374434,2024-10-12 09:53:05.803374434
cxQQrAxM,ZIyrf_9U,2024-10-18 06:13:56.803374434,2024-10-18 10:51:56.803374434
wH9YhUAP,ZIyrf_9U,2024-10-25 11:45:31.803374434,2024-10-25 13:10:31.803374434
vNzuZowk,ZIyrf_9U,2024-10-28 08:27:32.803374434,2024-10-28 09:25:32.803374434
7NF_1XjK,ZIyrf_9U,2024-11-08 02:57:26.803374434,2024-11-08 04:06:26.803374434
rgoSeceM,ZIyrf_9U,2024-11-16 00:28:33.803374434,2024-11-16 00:49:33.803374434
_y2TZOhQ,ZIyrf_9U,2024-11-18 09:25:02.803374434,2024-11-18 10:33:02.803374434
fDkfDJ4w,ZIyrf_9U,2024-11-29 10:12:05.803374434,2024-11-29 12:10:05.803374434
C81LDT7i,ZIyrf_9U,2024-12-03 16:04:39.803374434,2024-12-03 16:22:39.803374434
BZFnDtnt,ZIyrf_9U,2024-12-13 16:18:00.803374434,2024-12-13 18:59:00.803374434
x9vly2Ol,ZIyrf_9U,2024-12-18 12:21:32.803374434,2024-12-18 12:27:32.803374434
MBGHnJ-R,ZIyrf_9U,2024-12-27 18:45:28.803374434,2024-12-27 19:14:28.803374434
zmzNI7U0,ZIyrf_9U,2024-12-30 04:45:16.803374434,2024-12-30 04:55:16.803374434
qzfRK66B,ZIyrf_9U,2025-01-07 21:21:08.803374434,2025-01-07 21:26:08.803374434
H_h_U-xI,ZIyrf_9U,2025-01-14 01:55:23.803374434,2025-01-14 05:35:23.803374434
aAKidw4n,ZIyrf_9U,2025-01-20 21:42:43.803374434,2025-01-20 22:01:43.803374434
JYdNXFDK,ZIyrf_9U,2025-01-28 07:47:12.803374434,2025-01-28 08:30:12.803374434
nkZPgmM9,ZIyrf_9U,2025-02-04 20:14:08.803374434,2025-02-04 21:12:08.803374434
ynq_heSY,ZIyrf_9U,2025-02-10 01:22:09.803374434,2025-02-10 01:30:09.803374434
VpXsF-Ch,ZIyrf_9U,2025-02-21 02:46:36.803374434,2025-02-21 03:06:36.803374434
ESqCnBbv,ZIyrf_9U,2025-02-27 00:25:37.803374434,2025-02-27 00:44:37.803374434
XpIyESKV,ZIyrf_9U,2025-03-07 23:18:15.803374434,2025-03-07 23:40:15.803374434
pDZad2jy,ZIyrf_9U,2025-03-14 02:25:54.803374434,2025-03-14 03:04:54.803374434
qgNNxM1P,ZIyrf_9U,2025-03-17 05:01:34.803374434,2025-03-17 05:25:34.803374434
i8NK9CRF,ZIyrf_9U,2025-03-23 15:44:07.803374434,2025-03-23 17:25:07.803374434
BkRvm1st,ZIyrf_9U,2025-04-02 03:01:07.803374434,2025-04-02 03:44:07.803374434
pGdU1Ye4,ZIyrf_9U,2025-04-09 12:48:56.803374434,2025-04-09 13:19:56.803374434
OT2SObf-,ZIyrf_9U,2025-04-14 20:20:56.803374434,2025-04-14 20:35:56.803374434
3-QKanfp,ZIyrf_9U,2025-04-25 15:23:54.803374434,2025-04-25 16:49:54.803374434
7IlY-Gii,ZIyrf_9U,2025-05-01 05:41:34.803374434,2025-05-01 06:10:34.803374434
8vgkQHlE,ZIyrf_9U,2025-05-09 09:38:57.803374434,2025-05-09 10:07:57.803374434
mlT0rfxC,ZIyrf_9U,2025-05-11 22:18:02.803374434,2025-05-12 01:37:02.803374434
UQa7kboF,ZIyrf_9U,2025-05-23 20:55:09.803374434,2025-05-23 20:58:09.803374434
GtK2S4P6,ZIyrf_9U,2025-05-26 14:36:36.803374434,2025-05-26 15:07:36.803374434
4MyNHx9m,ZIyrf_9U,2025-06-04 07:17:28.803374434,2025-06-04 08:12:28.803374434
3xt-k39l,ZIyrf_9U,2025-06-11 05:48:04.803374434,2025-06-11 07:10:04.803374434
MQLwYehw,ZIyrf_9U,2025-06-20 21:50:25.803374434,2025-06-20 23:09:25.803374434
Hba9Fx3T,ZIyrf_9U,2025-06-24 02:29:49.803374434,2025-06-24 02:48:49.803374434
hYHNHNXE,F45z2frV,2024-10-18 03:23:54.638636112,2024-10-18 04:21:54.638636112
TmMtS0Gg,F45z2frV,2024-11-12 13:32:54.638636112,2024-11-12 13:54:54.638636112
CfKnSGk_,F45z2frV,2024-12-25 14:37:04.638636112,2024-12-25 15:32:04.638636112
BWsNpQai,F45z2frV,2025-01-06 18:40:57.638636112,2025-01-06 19:16:57.638636112
hp-ZXpT1,F45z2frV,2025-02-27 02:08:40.638636112,2025-02-27 02:51:40.638636112
p1lDDQli,F45z2frV,2025-03-22 09:07:44.638636112,2025-03-22 10:23:44.638636112
yzM1kp7M,F45z2frV,2025-04-22 15:49:39.638636112,2025-04-22 16:43:39.638636112
q-XAGOxh,F45z2frV,2025-05-04 23:10:34.638636112,2025-05-05 00:09:34.638636112
gC8cAFZd,F45z2frV,2025-06-11 07:37:13.638636112,2025-06-11 09:15:13.638636112
mT34KbVu,YcyyzXtP,2024-07-28 10:34:56.728365904,2024-07-28 10:40:56.728365904
s2XeipAA,YcyyzXtP,2024-08-03 23:03:44.728365904,2024-08-03 23:24:44.728365904
gm8_Zm80,YcyyzXtP,2024-08-10 06:48:10.728365904,2024-08-10 07:25:10.728365904
tSV7BdyV,YcyyzXtP,2024-08-18 18:25:03.728365904,2024-08-18 21:55:03.728365904
XSYcd9GP,YcyyzXtP,2024-08-24 19:00:42.728365904,2024-08-24 20:07:42.728365904
e0WDQE45,YcyyzXtP,2024-09-01 03:14:55.728365904,2024-09-01 04:48:55.728365904
X3nlPglT,YcyyzXtP,2024-09-07 12:08:22.728365904,2024-09-07 16:45:22.728365904
5SckrMMD,YcyyzXtP,2024-09-14 05:42:55.728365904,2024-09-14 07:04:55.728365904
-Tqrnizg,YcyyzXtP,2024-09-21 05:21:03.728365904,2024-09-21 05:25:03.728365904
ig4ltz0s,YcyyzXtP,2024-09-28 12:02:01.728365904,2024-09-28 13:16:01.728365904
ECvXe13K,YcyyzXtP,2024-10-05 07:50:53.728365904,2024-10-05 09:19:53.728365904
dNXRjPEp,YcyyzXtP,2024-10-12 20:00:26.728365904,2024-10-12 20:22:26.728365904
VmP-IkEv,YcyyzXtP,2024-10-19 22:41:04.728365904,2024-10-19 22:51:04.728365904
jgWlqSfg,YcyyzXtP,2024-10-27 20:10:02.728365904,2024-10-27 20:58:02.728365904
60sNSYQA,YcyyzXtP,2024-11-03 07:17:12.728365904,2024-11-03 13:30:12.728365904
qrd4BaHZ,YcyyzXtP,2024-11-10 07:28:52.728365904,2024-11-10 08:59:52.728365904
oqRzxP5z,YcyyzXtP,2024-11-16 07:00:55.728365904,2024-11-16 09:02:55.728365904
p2ILc3dQ,YcyyzXtP,2024-11-23 04:08:34.728365904,2024-11-23 05:36:34.728365904
J8nvrayq,YcyyzXtP,2024-11-30 23:33:11.728365904,2024-11-30 23:58:11.728365904
Psb-rvwV,YcyyzXtP,2024-12-08 10:33:03.728365904,2024-12-08 11:30:03.728365904
3PZAz0c9,YcyyzXtP,2024-12-15 06:17:40.728365904,2024-12-15 09:12:40.728365904
53-4mxYR,YcyyzXtP,2024-12-21 21:13:19.728365904,2024-12-21 21:34:19.728365904
Hs_HDcDl,YcyyzXtP,2024-12-29 10:28:57.728365904,2024-12-29 10:31:57.728365904
6YVYgyG3,YcyyzXtP,2025-01-04 01:44:41.728365904,2025-01-04 09:20:41.728365904
LlUYx9kr,YcyyzXtP,2025-01-11 04:47:18.728365904,2025-01-11 05:16:18.728365904
RNkFAlXf,YcyyzXtP,2025-01-19 16:14:38.728365904,2025-01-19 20:52:38.728365904
y-6WCfy3,YcyyzXtP,2025-01-25 19:41:30.728365904,2025-01-25 20:34:30.728365904
Jl95VuXp,YcyyzXtP,2025-02-01 05:57:51.728365904,2025-02-01 06:46:51.728365904
-Vn4TpHB,YcyyzXtP,2025-02-08 22:55:09.728365904,2025-02-08 23:58:09.728365904
oTUxQa5z,YcyyzXtP,2025-02-16 21:19:33.728365904,2025-02-16 22:10:33.728365904
0t7ZCrQz,YcyyzXtP,2025-02-22 21:15:47.728365904,2025-02-23 00:32:47.728365904
-jUPW6Su,YcyyzXtP,2025-03-01 06:21:56.728365904,2025-03-01 06:53:56.728365904
YnMPdPTw,YcyyzXtP,2025-03-09 02:06:53.728365904,2025-03-09 02:15:53.728365904
nk50oH9g,YcyyzXtP,2025-03-16 21:43:12.728365904,2025-03-16 23:40:12.728365904
mFQy8DzC,YcyyzXtP,2025-03-23 08:14:28.728365904,2025-03-23 09:22:28.728365904
fHNXgriq,YcyyzXtP,2025-03-29 15:45:21.728365904,2025-03-29 15:47:21.728365904
BOHMnLGK,YcyyzXtP,2025-04-06 19:08:28.728365904,2025-04-06 20:16:28.728365904
LBJUDxlI,YcyyzXtP,2025-04-13 03:58:51.728365904,2025-04-13 05:37:51.728365904
me72RzcL,YcyyzXtP,2025-04-19 19:38:31.728365904,2025-04-19 20:00:31.728365904
mr5D18nK,YcyyzXtP,2025-04-26 23:25:34.728365904,2025-04-26 23:56:34.728365904
1-MuScK4,YcyyzXtP,2025-05-03 18:22:58.728365904,2025-05-03 18:29:58.728365904
VUEVroxv,YcyyzXtP,2025-05-11 11:29:28.728365904,2025-05-11 11:49:28.728365904
sO0kgti6,YcyyzXtP,2025-05-17 21:56:31.728365904,2025-05-17 23:03:31.728365904
ibpk_h3Q,YcyyzXtP,2025-05-24 13:33:39.728365904,2025-05-24 13:34:39.728365904
N0ArChnW,YcyyzXtP,2025-06-01 18:46:35.728365904,2025-06-01 20:15:35.728365904
al00pwFF,YcyyzXtP,2025-06-07 20:35:38.728365904,2025-06-07 23:29:38.728365904
vpVMngJy,YcyyzXtP,2025-06-14 18:53:11.728365904,2025-06-14 18:59:11.728365904
Too65gmp,YcyyzXtP,2025-06-22 07:48:37.728365904,2025-06-22 08:22:37.728365904
6t13atjy,VqiEb1L5,2024-02-19 17:21:47.353785475,2024-02-19 20:13:47.353785475
mG-kLIr0,VqiEb1L5,2024-02-25 14:28:12.353785475,2024-02-25 14:49:12.353785475
x5EhhDbE,VqiEb1L5,2024-03-04 17:49:16.353785475,2024-03-04 18:55:16.353785475
7SvUkvZq,VqiEb1L5,2024-03-10 01:44:47.353785475,2024-03-10 01:58:47.353785475
XNHbiUYO,VqiEb1L5,2024-03-18 09:18:55.353785475,2024-03-18 09:42:55.353785475
R8aBQ-Nh,VqiEb1L5,2024-03-24 15:16:00.353785475,2024-03-24 15:39:00.353785475
oQrpEgo0,VqiEb1L5,2024-04-01 02:27:40.353785475,2024-04-01 03:31:40.353785475
zMbBHB0y,VqiEb1L5,2024-04-08 02:06:08.353785475,2024-04-08 04:45:08.353785475
rIkLsRHm,VqiEb1L5,2024-04-13 21:13:00.353785475,2024-04-13 21:51:00.353785475
Kqqu0UlC,VqiEb1L5,2024-04-21 19:34:07.353785475,2024-04-21 22:35:07.353785475
21p9RTMN,VqiEb1L5,2024-04-28 13:36:17.353785475,2024-04-28 15:49:17.353785475
J7f3hZlb,VqiEb1L5,2024-05-05 11:49:04.353785475,2024-05-05 12:34:04.353785475
rUr5GN0s,VqiEb1L5,2024-05-12 14:25:13.353785475,2024-05-12 15:33:13.353785475
Bqdg9nNL,VqiEb1L5,2024-05-20 09:19:23.353785475,2024-05-20 10:16:23.353785475
99RfU_jI,VqiEb1L5,2024-05-26 07:59:29.353785475,2024-05-26 09:46:29.353785475
frDIJQpL,VqiEb1L5,2024-06-02 07:21:11.353785475,2024-06-02 08:15:11.353785475
ia8MPH6m,VqiEb1L5,2024-06-09 11:56:05.353785475,2024-06-09 12:38:05.353785475
X5fByTqv,VqiEb1L5,2024-06-16 01:24:04.353785475,2024-06-16 02:18:04.353785475
JVWw9rCH,VqiEb1L5,2024-06-23 17:52:40.353785475,2024-06-23 18:44:40.353785475
Qaamerp1,VqiEb1L5,2024-07-01 16:02:47.353785475,2024-07-01 16:19:47.353785475
UtubZ3H9,VqiEb1L5,2024-07-07 04:57:14.353785475,2024-07-07 04:58:14.353785475
rn9mbSfk,VqiEb1L5,2024-07-15 10:27:03.353785475,2024-07-15 10:57:03.353785475
RsvrwHC4,VqiEb1L5,2024-07-20 23:56:56.353785475,2024-07-21 00:22:56.353785475
yUCU1OZy,VqiEb1L5,2024-07-28 19:54:02.353785475,2024-07-29 01:52:02.353785475
qMmKLp7I,VqiEb1L5,2024-08-04 18:14:01.353785475,2024-08-04 19:04:01.353785475
Z05FaY2F,VqiEb1L5,2024-08-12 18:41:23.353785475,2024-08-12 19:34:23.353785475
dY4_R-ZO,VqiEb1L5,2024-08-19 04:32:10.353785475,2024-08-19 05:37:10.353785475
Fi2y1Xvt,VqiEb1L5,2024-08-26 00:37:25.353785475,2024-08-26 01:47:25.353785475
EVIww1BF,VqiEb1L5,2024-09-01 01:38:49.353785475,2024-09-01 01:48:49.353785475
NXrrw4Tv,VqiEb1L5,2024-09-07 22:43:28.353785475,2024-09-07 23:22:28.353785475
xSWE8KDa,VqiEb1L5,2024-09-14 23:26:49.353785475,2024-09-14 23:30:49.353785475
V-_O8cCn,VqiEb1L5,2024-09-21 22:16:32.353785475,2024-09-21 22:17:32.353785475
MMa_srLt,VqiEb1L5,2024-09-29 20:19:12.353785475,2024-09-29 21:02:12.353785475
XBcFcG6z,VqiEb1L5,2024-10-05 22:20:30.353785475,2024-10-06 02:19:30.353785475
Lv7KUo1V,VqiEb1L5,2024-10-12 23:44:43.353785475,2024-10-13 00:22:43.353785475
ejey5Kn2,VqiEb1L5,2024-10-21 16:25:06.353785475,2024-10-21 16:29:06.353785475
GdrtyZSK,VqiEb1L5,2024-10-28 10:29:24.353785475,2024-10-28 10:49:24.353785475
idEaa-u4,VqiEb1L5,2024-11-03 15:09:01.353785475,2024-11-03 15:21:01.353785475
qQsOlHmw,VqiEb1L5,2024-11-10 11:42:22.353785475,2024-11-10 12:59:22.353785475
7bAhQxYd,VqiEb1L5,2024-11-17 17:44:11.353785475,2024-11-17 18:06:11.353785475
D7X6NJt1,VqiEb1L5,2024-11-24 11:53:15.353785475,2024-11-24 12:55:15.353785475
K7ziPxVD,VqiEb1L5,2024-12-01 09:05:43.353785475,2024-12-01 09:38:43.353785475
KAn7RPm6,VqiEb1L5,2024-12-09 13:40:13.353785475,2024-12-09 14:41:13.353785475
TxeHkX7a,VqiEb1L5,2024-12-15 07:18:06.353785475,2024-12-15 08:15:06.353785475
A8r4O3M3,VqiEb1L5,2024-12-23 04:52:11.353785475,2024-12-23 07:03:11.353785475
WwBwiXnk,VqiEb1L5,2024-12-29 07:47:17.353785475,2024-12-29 08:09:17.353785475
EZ-pyuF7,VqiEb1L5,2025-01-05 00:38:15.353785475,2025-01-05 01:03:15.353785475
K87Psqje,VqiEb1L5,2025-01-12 15:40:55.353785475,2025-01-12 16:18:55.353785475
2w3fPQ_X,VqiEb1L5,2025-01-20 02:49:16.353785475,2025-01-20 03:33:16.353785475
v8U2i6Xj,VqiEb1L5,2025-01-26 00:14:57.353785475,2025-01-26 00:27:57.353785475
T930yCSk,VqiEb1L5,2025-02-03 02:28:36.353785475,2025-02-03 03:16:36.353785475
BCVDxH3p,VqiEb1L5,2025-02-10 16:46:26.353785475,2025-02-10 18:05:26.353785475
a8PHaIDw,VqiEb1L5,2025-02-17 04:29:21.353785475,2025-02-17 04:47:21.353785475
bSjMFyoz,VqiEb1L5,2025-02-24 13:01:46.353785475,2025-02-24 15:09:46.353785475
vvhBgvvi,VqiEb1L5,2025-03-03 17:07:05.353785475,2025-03-03 18:54:05.353785475
ToOypZYR,VqiEb1L5,2025-03-09 22:25:49.353785475,2025-03-10 00:04:49.353785475
a1hqcFfg,VqiEb1L5,2025-03-17 14:55:30.353785475,2025-03-17 16:18:30.353785475
xfPmfwJr,VqiEb1L5,2025-03-23 03:56:54.353785475,2025-03-23 04:59:54.353785475
TQoHxkJb,VqiEb1L5,2025-03-31 01:45:48.353785475,2025-03-31 02:24:48.353785475
HxWqX2Xx,VqiEb1L5,2025-04-06 13:05:53.353785475,2025-04-06 14:11:53.353785475
XUt4t1Od,VqiEb1L5,2025-04-14 18:23:58.353785475,2025-04-14 20:18:58.353785475
CkwPXnRy,VqiEb1L5,2025-04-20 03:38:41.353785475,2025-04-20 04:12:41.353785475
Ya7dVBkO,VqiEb1L5,2025-04-28 10:12:59.353785475,2025-04-28 10:22:59.353785475
v4UJTAqV,VqiEb1L5,2025-05-04 03:31:13.353785475,2025-05-04 06:39:13.353785475
QBEtDnt3,VqiEb1L5,2025-05-11 09:52:02.353785475,2025-05-11 12:27:02.353785475
WEGnnyZs,VqiEb1L5,2025-05-18 11:29:20.353785475,2025-05-18 11:55:20.353785475
NBhhBSPg,VqiEb1L5,2025-05-25 11:12:44.353785475,2025-05-25 11:42:44.353785475
06wOUiHO,VqiEb1L5,2025-06-01 11:31:46.353785475,2025-06-01 13:05:46.353785475
2baEkKxF,VqiEb1L5,2025-06-08 23:48:22.353785475,2025-06-09 00:23:22.353785475
osorasBH,VqiEb1L5,2025-06-15 13:12:33.353785475,2025-06-15 13:48:33.353785475
luQNr9AM,VqiEb1L5,2025-06-23 12:45:30.353785475,2025-06-23 13:32:30.353785475
6vMYoip9,lhSF47K9,2025-06-15 22:04:02.095552464,2025-06-15 22:24:02.095552464
6G3GWCP7,lhSF47K9,2025-06-22 12:05:32.095552464,2025-06-22 12:09:32.095552464
UP_u0J16,lhSF47K9,2025-06-28 12:01:24.095552464,2025-06-28 14:06:24.095552464
wTC7F6CF,ddWNnKkU,2025-06-28 11:07:01.014645287,2025-06-28 17:43:01.014645287
HSKCT4hV,USauyevM,2025-06-28 09:32:27.860205783,2025-06-28 10:06:27.860205783
hJp_TMtx,0m3vTeIp,2024-03-09 06:50:52.805014037,2024-03-09 07:20:52.805014037
Io5PDBEH,0m3vTeIp,2024-04-25 21:42:27.805014037,2024-04-25 23:48:27.805014037
gvWzUbCE,0m3vTeIp,2024-05-20 16:39:56.805014037,2024-05-20 16:55:56.805014037
F3-V3nfp,0m3vTeIp,2024-06-01 16:25:31.805014037,2024-06-01 16:38:31.805014037
c1R1O5y-,0m3vTeIp,2024-07-27 05:04:06.805014037,2024-07-27 08:29:06.805014037
VuBxWAYM,0m3vTeIp,2024-08-23 15:37:41.805014037,2024-08-23 16:04:41.805014037
YNp_hYtA,0m3vTeIp,2024-09-02 11:28:40.805014037,2024-09-02 11:55:40.805014037
hL6rQzWg,0m3vTeIp,2024-10-03 18:50:11.805014037,2024-10-03 20:16:11.805014037
h0RgQnMw,0m3vTeIp,2024-11-16 05:39:52.805014037,2024-11-16 06:52:52.805014037
GxTtxgNw,0m3vTeIp,2024-12-08 01:46:46.805014037,2024-12-08 02:20:46.805014037
SsNZKzCL,0m3vTeIp,2025-01-20 01:44:07.805014037,2025-01-20 02:41:07.805014037
uiu1eczR,0m3vTeIp,2025-02-11 16:49:48.805014037,2025-02-11 17:13:48.805014037
p2uzH3e7,0m3vTeIp,2025-03-14 10:22:22.805014037,2025-03-14 11:33:22.805014037
09Ot-7mg,0m3vTeIp,2025-04-19 12:32:24.805014037,2025-04-19 12:41:24.805014037
bjH1obMe,0m3vTeIp,2025-05-04 15:22:16.805014037,2025-05-04 15:31:16.805014037
1Ryp3aGw,0m3vTeIp,2025-06-16 19:23:36.805014037,2025-06-16 19:49:36.805014037
152CZdwE,FcP91r-4,2024-07-10 11:47:45.170332542,2024-07-10 12:31:45.170332542
nj5VATZv,FcP91r-4,2024-08-16 16:42:42.170332542,2024-08-16 17:28:42.170332542
qQa133N2,FcP91r-4,2024-09-07 15:54:18.170332542,2024-09-07 16:01:18.170332542
Lla_oAF-,FcP91r-4,2024-10-18 19:53:42.170332542,2024-10-18 21:08:42.170332542
u_g0odhU,FcP91r-4,2024-11-15 20:42:28.170332542,2024-11-15 22:50:28.170332542
eqOZknfh,FcP91r-4,2024-12-07 18:20:11.170332542,2024-12-07 18:25:11.170332542
sovtqmsj,FcP91r-4,2025-01-02 03:43:21.170332542,2025-01-02 04:02:21.170332542
Z-8i1WuC,FcP91r-4,2025-02-25 12:39:21.170332542,2025-02-25 12:40:21.170332542
jjk1OMjF,FcP91r-4,2025-03-18 15:44:14.170332542,2025-03-18 17:28:14.170332542
3Tc_RFh_,FcP91r-4,2025-04-20 07:08:56.170332542,2025-04-20 11:56:56.170332542
pa-Xxoub,FcP91r-4,2025-05-05 02:16:36.170332542,2025-05-05 02:17:36.170332542
6nsTqB8B,FcP91r-4,2025-06-25 06:37:18.170332542,2025-06-25 08:54:18.170332542
xMR5I3OJ,nfPf9yN8,2025-04-15 02:02:02.883487360,2025-04-15 06:45:02.883487360
28vbybyy,nfPf9yN8,2025-04-27 01:15:53.883487360,2025-04-27 01:53:53.883487360
yMJnEQ1Z,nfPf9yN8,2025-04-29 08:09:14.883487360,2025-04-29 08:24:14.883487360
uD-QTx8L,nfPf9yN8,2025-05-11 12:09:09.883487360,2025-05-11 12:30:09.883487360
IVwGP-W9,nfPf9yN8,2025-05-13 01:14:01.883487360,2025-05-13 04:36:01.883487360
wlw64JA8,nfPf9yN8,2025-05-22 13:31:39.883487360,2025-05-22 13:37:39.883487360
7o5IVFE7,nfPf9yN8,2025-05-31 05:40:59.883487360,2025-05-31 06:58:59.883487360
ieRq094U,nfPf9yN8,2025-06-02 06:12:12.883487360,2025-06-02 08:24:12.883487360
U-ZNzI4e,nfPf9yN8,2025-06-09 04:16:47.883487360,2025-06-09 04:47:47.883487360
xDdbeIuU,nfPf9yN8,2025-06-21 15:50:16.883487360,2025-06-21 16:55:16.883487360
JFHpyDbt,nfPf9yN8,2025-06-23 03:13:30.883487360,2025-06-23 04:01:30.883487360
DIrKCw55,mwIwZbJM,2024-12-09 10:10:02.174833336,2024-12-09 11:16:02.174833336
rwBNZUpO,mwIwZbJM,2024-12-20 15:25:11.174833336,2024-12-20 16:18:11.174833336
WbTB_pHk,mwIwZbJM,2024-12-22 16:10:30.174833336,2024-12-22 16:54:30.174833336
Xglbhueo,mwIwZbJM,2025-01-01 02:14:42.174833336,2025-01-01 02:18:42.174833336
ymCwQ-if,mwIwZbJM,2025-01-12 07:12:52.174833336,2025-01-12 08:14:52.174833336
s06NXsTd,mwIwZbJM,2025-01-13 17:37:21.174833336,2025-01-13 18:23:21.174833336
v_50ywci,mwIwZbJM,2025-01-22 03:35:27.174833336,2025-01-22 03:53:27.174833336
pFCyijk5,mwIwZbJM,2025-01-28 01:08:39.174833336,2025-01-28 01:43:39.174833336
y5IbesDi,mwIwZbJM,2025-02-07 14:35:45.174833336,2025-02-07 16:03:45.174833336
ZsFsL_40,mwIwZbJM,2025-02-12 18:11:38.174833336,2025-02-12 18:13:38.174833336
GtqPBMiY,mwIwZbJM,2025-02-20 15:53:55.174833336,2025-02-20 16:25:55.174833336
qoEjwlzu,mwIwZbJM,2025-03-02 02:36:23.174833336,2025-03-02 04:26:23.174833336
uln5OYPx,mwIwZbJM,2025-03-06 03:47:29.174833336,2025-03-06 04:20:29.174833336
DD37tXRe,mwIwZbJM,2025-03-14 15:35:29.174833336,2025-03-14 17:32:29.174833336
B8BaLTWE,mwIwZbJM,2025-03-17 04:42:12.174833336,2025-03-17 04:52:12.174833336
FRB7z4IB,mwIwZbJM,2025-03-25 00:24:57.174833336,2025-03-25 01:52:57.174833336
YVynwmX2,mwIwZbJM,2025-04-06 03:19:38.174833336,2025-04-06 06:05:38.174833336
HdGVbI21,mwIwZbJM,2025-04-12 12:39:40.174833336,2025-04-12 12:48:40.174833336
yNzFz8Y-,mwIwZbJM,2025-04-18 02:34:35.174833336,2025-04-18 04:19:35.174833336
rMNiSrzz,mwIwZbJM,2025-04-23 03:47:33.174833336,2025-04-23 04:05:33.174833336
RTgq9SAv,mwIwZbJM,2025-04-28 21:49:18.174833336,2025-04-28 21:56:18.174833336
UmOTUbjO,mwIwZbJM,2025-05-10 11:20:39.174833336,2025-05-10 11:26:39.174833336
Tiq770Nr,mwIwZbJM,2025-05-17 00:11:10.174833336,2025-05-17 00:42:10.174833336
KX5b5WTW,mwIwZbJM,2025-05-20 04:51:37.174833336,2025-05-20 04:52:37.174833336
myWYAcCU,mwIwZbJM,2025-05-29 15:20:48.174833336,2025-05-29 15:36:48.174833336
nZrM_zaF,mwIwZbJM,2025-06-05 20:11:23.174833336,2025-06-05 20:42:23.174833336
LWNcSncf,mwIwZbJM,2025-06-11 20:28:08.174833336,2025-06-11 21:03:08.174833336
IIUTOt7i,mwIwZbJM,2025-06-21 23:56:08.174833336,2025-06-22 00:09:08.174833336
pzxuPiib,mwIwZbJM,2025-06-23 09:06:14.174833336,2025-06-23 09:28:14.174833336
K-2BlS8H,XIzJxlMa,2024-08-17 10:57:26.712957208,2024-08-17 11:17:26.712957208
2fnXXotr,XIzJxlMa,2024-08-24 17:11:22.712957208,2024-08-24 18:28:22.712957208
ncFfn9a9,XIzJxlMa,2024-09-01 08:05:13.712957208,2024-09-01 09:43:13.712957208
yPXSOxkY,XIzJxlMa,2024-09-07 08:37:43.712957208,2024-09-07 09:28:43.712957208
BjxYs18Q,XIzJxlMa,2024-09-15 18:58:23.712957208,2024-09-15 20:17:23.712957208
MYmXo3r5,XIzJxlMa,2024-09-21 10:39:34.712957208,2024-09-21 11:29:34.712957208
NFbWzWnL,XIzJxlMa,2024-09-28 11:35:38.712957208,2024-09-28 12:00:38.712957208
SV8Kguve,XIzJxlMa,2024-10-05 08:47:57.712957208,2024-10-05 10:02:57.712957208
RUZEldKg,XIzJxlMa,2024-10-12 08:30:33.712957208,2024-10-12 09:40:33.712957208
63B5jrbq,XIzJxlMa,2024-10-19 19:05:40.712957208,2024-10-19 19:14:40.712957208
vX8lLvre,XIzJxlMa,2024-10-27 00:52:50.712957208,2024-10-27 02:17:50.712957208
0Lw26HDJ,XIzJxlMa,2024-11-02 21:03:54.712957208,2024-11-02 21:29:54.712957208
g7ZeaEeg,XIzJxlMa,2024-11-10 05:40:00.712957208,2024-11-10 08:20:00.712957208
dTiJEgmA,XIzJxlMa,2024-11-17 04:13:05.712957208,2024-11-17 06:03:05.712957208
2_o31Tgw,XIzJxlMa,2024-11-23 15:55:05.712957208,2024-11-23 16:38:05.712957208
in6ThAZH,XIzJxlMa,2024-12-01 18:53:45.712957208,2024-12-01 19:49:45.712957208
PplROt1z,XIzJxlMa,2024-12-07 21:14:34.712957208,2024-12-07 21:22:34.712957208
xu5ZUH2j,XIzJxlMa,2024-12-14 18:27:08.712957208,2024-12-14 19:07:08.712957208
40LlgvGY,XIzJxlMa,2024-12-21 03:04:17.712957208,2024-12-21 03:39:17.712957208
nS6LHvxE,XIzJxlMa,2024-12-29 20:45:20.712957208,2024-12-29 21:12:20.712957208
sc_4nd7d,XIzJxlMa,2025-01-05 08:31:51.712957208,2025-01-05 09:07:51.712957208
_nHmoz9W,XIzJxlMa,2025-01-12 00:15:27.712957208,2025-01-12 04:23:27.712957208
gBFTuvgA,XIzJxlMa,2025-01-19 06:40:15.712957208,2025-01-19 06:49:15.712957208
vO9fklxk,XIzJxlMa,2025-01-26 22:26:00.712957208,2025-01-26 22:31:00.712957208
sc0CFLwu,XIzJxlMa,2025-02-01 19:12:43.712957208,2025-02-01 19:48:43.712957208
4ccbaOrt,XIzJxlMa,2025-02-09 12:46:49.712957208,2025-02-09 13:10:49.712957208
_sHeZ0WP,XIzJxlMa,2025-02-16 07:12:30.712957208,2025-02-16 08:14:30.712957208
JddLJ4BN,XIzJxlMa,2025-02-24 00:20:04.712957208,2025-02-24 00:36:04.712957208
U3SZFOkW,XIzJxlMa,2025-03-02 18:25:51.712957208,2025-03-02 20:21:51.712957208
4ELwuPL1,XIzJxlMa,2025-03-08 09:32:05.712957208,2025-03-08 11:10:05.712957208
xG-9d7nS,XIzJxlMa,2025-03-15 23:46:34.712957208,2025-03-15 23:58:34.712957208
NLO_ajdG,XIzJxlMa,2025-03-23 13:36:28.712957208,2025-03-23 13:44:28.712957208
KonNHRQQ,XIzJxlMa,2025-03-29 19:47:21.712957208,2025-03-29 20:54:21.712957208
3UIi9Var,XIzJxlMa,2025-04-05 02:56:41.712957208,2025-04-05 02:58:41.712957208
C7GIUALg,XIzJxlMa,2025-04-13 05:18:06.712957208,2025-04-13 05:36:06.712957208
CCZBO7Jj,XIzJxlMa,2025-04-19 02:36:29.712957208,2025-04-19 04:36:29.712957208
kEDbNGPn,XIzJxlMa,2025-04-26 03:12:34.712957208,2025-04-26 03:20:34.712957208
4EoY3gsA,XIzJxlMa,2025-05-04 13:02:19.712957208,2025-05-04 13:53:19.712957208
8Nq2IU-9,XIzJxlMa,2025-05-10 00:48:56.712957208,2025-05-10 01:25:56.712957208
-OEtS-OF,XIzJxlMa,2025-05-17 04:22:16.712957208,2025-05-17 07:41:16.712957208
4BPMz01p,XIzJxlMa,2025-05-25 07:43:34.712957208,2025-05-25 08:10:34.712957208
QoAjx23-,XIzJxlMa,2025-05-31 01:11:12.712957208,2025-05-31 02:52:12.712957208
0huSHp61,XIzJxlMa,2025-06-07 05:43:10.712957208,2025-06-07 08:04:10.712957208
Y-sLyLaq,XIzJxlMa,2025-06-14 18:09:49.712957208,2025-06-14 18:18:49.712957208
Yeuc3RZM,XIzJxlMa,2025-06-23 00:23:18.712957208,2025-06-23 01:01:18.712957208
l4Q3PvAN,XIzJxlMa,2025-06-28 19:40:11.712957208,2025-06-28 20:24:11.712957208
N5QvXP2a,tSf9qFh4,2024-04-16 08:37:48.895242443,2024-04-16 08:42:48.895242443
GhAR4r5R,tSf9qFh4,2024-05-19 06:11:20.895242443,2024-05-19 06:12:20.895242443
6cfj62Bg,tSf9qFh4,2024-06-01 23:36:26.895242443,2024-06-02 00:05:26.895242443
LrYsl1ot,tSf9qFh4,2024-07-27 12:22:04.895242443,2024-07-27 13:57:04.895242443
EXfRSyXu,tSf9qFh4,2024-08-09 04:03:22.895242443,2024-08-09 07:32:22.895242443
Bp2kc6hv,tSf9qFh4,2024-09-03 20:31:09.895242443,2024-09-03 21:49:09.895242443
uI3kf8D3,tSf9qFh4,2024-10-05 16:04:18.895242443,2024-10-05 16:30:18.895242443
S54SVTQz,tSf9qFh4,2024-11-08 05:53:59.895242443,2024-11-08 08:33:59.895242443
Imrze6ui,tSf9qFh4,2024-12-09 17:37:59.895242443,2024-12-09 20:00:59.895242443
pNzYSjCs,tSf9qFh4,2025-01-02 06:17:58.895242443,2025-01-02 07:44:58.895242443
IdhEPaOR,tSf9qFh4,2025-02-09 04:23:44.895242443,2025-02-09 06:51:44.895242443
Jn3_jwY2,tSf9qFh4,2025-03-07 19:44:36.895242443,2025-03-07 21:06:36.895242443
UN9WpFa-,tSf9qFh4,2025-04-12 07:52:53.895242443,2025-04-12 08:36:53.895242443
U0cJH9Ve,tSf9qFh4,2025-05-12 21:22:11.895242443,2025-05-12 22:54:11.895242443
LhysWI9P,tSf9qFh4,2025-06-11 06:02:42.895242443,2025-06-11 07:01:42.895242443
